loan_id,reporting_month,field,panel_value,servicer_value,winner,resolution
LN000017,2025-03-01,current_balance,119719.81450000004,120118.10055728546,PrimaryCore,Servicer data is stale; panel update is newer.
LN000017,2025-04-01,current_balance,119368.73000000004,127488.71626903722,PrimaryCore,Servicer data is stale; panel update is newer.
LN000029,2025-03-01,current_balance,110672.91316666684,110612.89997415802,PrimaryCore,Servicer data is stale; panel update is newer.
LN000035,2025-01-01,current_balance,408042.6730000003,434613.2219441913,PrimaryCore,Servicer data is stale; panel update is newer.
LN000035,2025-03-01,current_balance,405697.600166667,387283.8291939363,PrimaryCore,Servicer data is stale; panel update is newer.
LN000052,2025-05-01,current_balance,413772.8906666666,421470.5000328912,PrimaryCore,Servicer data is stale; panel update is newer.
LN000052,2025-06-01,current_balance,412597.3995,401602.0824217015,PrimaryCore,Servicer data is stale; panel update is newer.
LN000059,2025-06-01,current_balance,164574.05508333337,149801.33722551863,PrimaryCore,Servicer data is stale; panel update is newer.
LN000060,2025-01-01,current_balance,457258.11250000045,486876.3777723265,PrimaryCore,Servicer data is stale; panel update is newer.
LN000082,2025-04-01,current_balance,429162.6044444444,440165.9878226438,PrimaryCore,Servicer data is stale; panel update is newer.
LN000093,2025-01-01,current_balance,350429.82158333325,376299.3225111316,PrimaryCore,Servicer data is stale; panel update is newer.
LN000093,2025-05-01,current_balance,346503.4370277776,364863.7473743841,PrimaryCore,Servicer data is stale; panel update is newer.
LN000094,2025-02-01,current_balance,392432.55975,413203.6172394583,PrimaryCore,Servicer data is stale; panel update is newer.
LN000108,2025-05-01,current_balance,212689.62524999992,222203.9040115649,PrimaryCore,Servicer data is stale; panel update is newer.
LN000110,2025-05-01,current_balance,236346.40330555523,237835.64355416072,PrimaryCore,Servicer data is stale; panel update is newer.
LN000111,2025-05-01,current_balance,377518.37083333335,384594.7460215443,PrimaryCore,Servicer data is stale; panel update is newer.
LN000116,2025-02-01,current_balance,243383.3733333336,256078.29017418987,PrimaryCore,Servicer data is stale; panel update is newer.
LN000117,2025-03-01,current_balance,273926.58091666666,250276.2490250716,PrimaryCore,Servicer data is stale; panel update is newer.
LN000118,2025-05-01,current_balance,213198.34866666672,194508.05058866212,PrimaryCore,Servicer data is stale; panel update is newer.
LN000124,2025-03-01,current_balance,200340.07272222213,189985.91348168737,PrimaryCore,Servicer data is stale; panel update is newer.
LN000131,2025-02-01,current_balance,286743.27630555583,308994.8515268531,PrimaryCore,Servicer data is stale; panel update is newer.
LN000146,2025-02-01,current_balance,324959.2096666666,323966.56333083165,PrimaryCore,Servicer data is stale; panel update is newer.
LN000151,2025-01-01,current_balance,227666.03433333343,212237.73901294108,PrimaryCore,Servicer data is stale; panel update is newer.
LN000156,2025-06-01,current_balance,296663.281388889,313349.68148098886,PrimaryCore,Servicer data is stale; panel update is newer.
LN000164,2025-05-01,current_balance,270328.275,267909.96741358977,PrimaryCore,Servicer data is stale; panel update is newer.
LN000170,2025-04-01,current_balance,302885.2077499998,305314.92055439536,PrimaryCore,Servicer data is stale; panel update is newer.
LN000219,2025-04-01,current_balance,112542.15916666664,107134.501665497,PrimaryCore,Servicer data is stale; panel update is newer.
LN000219,2025-05-01,current_balance,112225.13899999998,111509.57956573804,PrimaryCore,Servicer data is stale; panel update is newer.
LN000227,2025-01-01,current_balance,293725.3483333333,316915.1903046196,PrimaryCore,Servicer data is stale; panel update is newer.
LN000229,2025-01-01,current_balance,285655.9399166667,266486.75499770715,PrimaryCore,Servicer data is stale; panel update is newer.
LN000255,2025-02-01,current_balance,318888.8443333333,349623.5472764893,PrimaryCore,Servicer data is stale; panel update is newer.
LN000257,2025-04-01,current_balance,282637.8533333334,255266.4805848714,PrimaryCore,Servicer data is stale; panel update is newer.
LN000260,2025-06-01,current_balance,191665.1856111113,178681.36864055568,PrimaryCore,Servicer data is stale; panel update is newer.
LN000271,2025-02-01,current_balance,232399.66849999985,222366.12980517367,PrimaryCore,Servicer data is stale; panel update is newer.
LN000272,2025-03-01,current_balance,381485.016,388336.342340228,PrimaryCore,Servicer data is stale; panel update is newer.
LN000272,2025-04-01,current_balance,380401.25175,346899.1370642326,PrimaryCore,Servicer data is stale; panel update is newer.
LN000273,2025-02-01,current_balance,387969.66911111074,377945.146909284,PrimaryCore,Servicer data is stale; panel update is newer.
LN000274,2025-03-01,current_balance,297473.6294999998,279856.5341644424,PrimaryCore,Servicer data is stale; panel update is newer.
LN000278,2025-02-01,current_balance,251093.17688888885,260147.2768167048,PrimaryCore,Servicer data is stale; panel update is newer.
LN000278,2025-04-01,current_balance,249666.51111111103,265968.8394581007,PrimaryCore,Servicer data is stale; panel update is newer.
LN000281,2025-02-01,current_balance,281618.0461666666,286827.665859055,PrimaryCore,Servicer data is stale; panel update is newer.
LN000282,2025-01-01,current_balance,423744.9524444449,398954.0951713865,PrimaryCore,Servicer data is stale; panel update is newer.
LN000301,2025-03-01,current_balance,292880.61177777866,283148.6760204895,PrimaryCore,Servicer data is stale; panel update is newer.
LN000307,2025-03-01,current_balance,384473.8123333333,391470.6277964779,PrimaryCore,Servicer data is stale; panel update is newer.
LN000307,2025-04-01,current_balance,383369.00252777775,375922.4398334915,PrimaryCore,Servicer data is stale; panel update is newer.
LN000312,2025-05-01,current_balance,47222.22222222219,50758.98054421581,PrimaryCore,Servicer data is stale; panel update is newer.
LN000323,2025-06-01,current_balance,154428.40894444456,140940.05823985089,PrimaryCore,Servicer data is stale; panel update is newer.
LN000324,2025-01-01,current_balance,314336.7333333334,304425.1731116391,PrimaryCore,Servicer data is stale; panel update is newer.
LN000333,2025-05-01,current_balance,195289.0388888889,194336.6196750446,PrimaryCore,Servicer data is stale; panel update is newer.
LN000335,2025-01-01,current_balance,347538.6633333336,366062.07933844073,PrimaryCore,Servicer data is stale; panel update is newer.
LN000366,2025-02-01,current_balance,337054.3214999998,312730.47840549867,PrimaryCore,Servicer data is stale; panel update is newer.
LN000371,2025-03-01,current_balance,290908.4975000002,314886.93084596016,PrimaryCore,Servicer data is stale; panel update is newer.
LN000400,2025-06-01,current_balance,352877.80000000005,362244.6473234389,PrimaryCore,Servicer data is stale; panel update is newer.
LN000402,2025-04-01,current_balance,293762.8289999999,295826.7702675202,PrimaryCore,Servicer data is stale; panel update is newer.
LN000404,2025-01-01,current_balance,356278.29325,320719.7467186083,PrimaryCore,Servicer data is stale; panel update is newer.
LN000404,2025-04-01,current_balance,353125.3879999999,373180.8832650628,PrimaryCore,Servicer data is stale; panel update is newer.
LN000419,2025-03-01,current_balance,188206.7375555556,169960.38677220658,PrimaryCore,Servicer data is stale; panel update is newer.
LN000423,2025-05-01,current_balance,361157.3299166668,384638.7769878304,PrimaryCore,Servicer data is stale; panel update is newer.
LN000424,2025-01-01,current_balance,312900.56350000005,311177.81963800115,PrimaryCore,Servicer data is stale; panel update is newer.
LN000435,2025-05-01,current_balance,307077.5828333332,304806.3437291105,PrimaryCore,Servicer data is stale; panel update is newer.
LN000454,2025-05-01,current_balance,219369.7476944444,212289.84862954027,PrimaryCore,Servicer data is stale; panel update is newer.
LN000455,2025-04-01,current_balance,425862.7080000001,422982.9690859231,PrimaryCore,Servicer data is stale; panel update is newer.
LN000463,2025-04-01,current_balance,199068.7999999999,204712.54675142985,PrimaryCore,Servicer data is stale; panel update is newer.
LN000484,2025-05-01,current_balance,420122.02944444417,397494.2786312414,PrimaryCore,Servicer data is stale; panel update is newer.
LN000484,2025-06-01,current_balance,418886.3764166664,436850.0402579112,PrimaryCore,Servicer data is stale; panel update is newer.
LN000511,2025-02-01,current_balance,223676.3694999999,240133.79985146355,PrimaryCore,Servicer data is stale; panel update is newer.
LN000516,2025-02-01,current_balance,174456.0496666667,176498.47814814822,PrimaryCore,Servicer data is stale; panel update is newer.
LN000541,2025-01-01,current_balance,409473.1958333331,380013.8894933965,PrimaryCore,Servicer data is stale; panel update is newer.
LN000541,2025-02-01,current_balance,408303.2724166664,419842.3127085162,PrimaryCore,Servicer data is stale; panel update is newer.
LN000545,2025-03-01,current_balance,143730.30341666687,130885.39601329308,PrimaryCore,Servicer data is stale; panel update is newer.
LN000558,2025-04-01,current_balance,268076.39116666565,270916.68679216295,PrimaryCore,Servicer data is stale; panel update is newer.
LN000560,2025-01-01,current_balance,459991.11644444434,433838.4539737732,PrimaryCore,Servicer data is stale; panel update is newer.
LN000560,2025-02-01,current_balance,458684.3234999999,432193.0945526573,PrimaryCore,Servicer data is stale; panel update is newer.
LN000562,2025-03-01,current_balance,205008.66241666657,186357.7814319832,PrimaryCore,Servicer data is stale; panel update is newer.
LN000562,2025-04-01,current_balance,204427.90133333323,190950.4026878331,PrimaryCore,Servicer data is stale; panel update is newer.
LN000571,2025-05-01,current_balance,131968.92083333313,126045.82436178678,PrimaryCore,Servicer data is stale; panel update is newer.
LN000595,2025-02-01,current_balance,342783.11527777737,329976.3325630058,PrimaryCore,Servicer data is stale; panel update is newer.
LN000617,2025-01-01,current_balance,337349.15011111106,326452.58058299555,PrimaryCore,Servicer data is stale; panel update is newer.
LN000625,2025-01-01,current_balance,289302.4216666668,303778.9610815156,PrimaryCore,Servicer data is stale; panel update is newer.
LN000625,2025-05-01,current_balance,285957.8850000002,272026.3296760902,PrimaryCore,Servicer data is stale; panel update is newer.
LN000627,2025-04-01,current_balance,442587.52008333337,439912.2795371743,PrimaryCore,Servicer data is stale; panel update is newer.
LN000635,2025-01-01,current_balance,221920.28566666684,218115.88089854096,PrimaryCore,Servicer data is stale; panel update is newer.
LN000639,2025-06-01,current_balance,474753.7567499998,453762.094883653,PrimaryCore,Servicer data is stale; panel update is newer.
LN000648,2025-02-01,current_balance,396275.9316388885,421433.0614421696,PrimaryCore,Servicer data is stale; panel update is newer.
LN000648,2025-03-01,current_balance,395100.0386666663,425490.4250645192,PrimaryCore,Servicer data is stale; panel update is newer.
LN000655,2025-03-01,current_balance,267444.39477777755,264362.3779033634,PrimaryCore,Servicer data is stale; panel update is newer.
LN000667,2025-04-01,current_balance,232410.45333333337,245226.37430521648,PrimaryCore,Servicer data is stale; panel update is newer.
LN000668,2025-05-01,current_balance,219082.9595833332,212392.2909321094,PrimaryCore,Servicer data is stale; panel update is newer.
LN000689,2025-05-01,current_balance,274155.060666667,246996.63781574165,PrimaryCore,Servicer data is stale; panel update is newer.
LN000708,2025-04-01,current_balance,252263.65666666665,267753.91862757626,PrimaryCore,Servicer data is stale; panel update is newer.
LN000708,2025-05-01,current_balance,251530.33208333328,230872.9987663319,PrimaryCore,Servicer data is stale; panel update is newer.
LN000710,2025-05-01,current_balance,347449.8449166668,367890.4912347061,PrimaryCore,Servicer data is stale; panel update is newer.
LN000716,2025-01-01,current_balance,438108.1238888892,480792.5501071749,PrimaryCore,Servicer data is stale; panel update is newer.
LN000724,2025-03-01,current_balance,365907.4586666666,358589.9701559264,PrimaryCore,Servicer data is stale; panel update is newer.
LN000734,2025-04-01,current_balance,298471.87694444467,293975.15135459515,PrimaryCore,Servicer data is stale; panel update is newer.
LN000740,2025-01-01,current_balance,253855.8508888889,242007.80037873812,PrimaryCore,Servicer data is stale; panel update is newer.
LN000741,2025-06-01,current_balance,412002.1864444441,421420.0996516376,PrimaryCore,Servicer data is stale; panel update is newer.
LN000745,2025-02-01,current_balance,260564.18116666685,285930.1272021536,PrimaryCore,Servicer data is stale; panel update is newer.
LN000757,2025-04-01,current_balance,196697.51100000003,213283.8964752797,PrimaryCore,Servicer data is stale; panel update is newer.
LN000769,2025-06-01,current_balance,397234.194444444,402184.40079700726,PrimaryCore,Servicer data is stale; panel update is newer.
LN000777,2025-04-01,current_balance,352313.2285000001,375996.5167708152,PrimaryCore,Servicer data is stale; panel update is newer.
LN000782,2025-02-01,current_balance,308853.92052777746,337149.6796550608,PrimaryCore,Servicer data is stale; panel update is newer.
LN000782,2025-03-01,current_balance,307948.1905555552,329818.11237101257,PrimaryCore,Servicer data is stale; panel update is newer.
LN000783,2025-06-01,current_balance,291381.1386666656,280615.7655530451,PrimaryCore,Servicer data is stale; panel update is newer.
LN000788,2025-06-01,current_balance,155889.04144444404,141506.71188943132,PrimaryCore,Servicer data is stale; panel update is newer.
LN000790,2025-04-01,current_balance,307834.03400000004,328289.2817501204,PrimaryCore,Servicer data is stale; panel update is newer.
LN000794,2025-01-01,current_balance,445450.814666667,478417.4051347622,PrimaryCore,Servicer data is stale; panel update is newer.
LN000796,2025-06-01,current_balance,231898.35227777745,221751.0512703542,PrimaryCore,Servicer data is stale; panel update is newer.
LN000800,2025-02-01,current_balance,252188.264,258508.596963127,PrimaryCore,Servicer data is stale; panel update is newer.
LN000804,2025-02-01,current_balance,236909.46377777803,219623.7220360441,PrimaryCore,Servicer data is stale; panel update is newer.
LN000804,2025-05-01,current_balance,234749.1951111114,251159.61991613056,PrimaryCore,Servicer data is stale; panel update is newer.
LN000807,2025-06-01,current_balance,205828.63091666653,218869.74924961248,PrimaryCore,Servicer data is stale; panel update is newer.
LN000824,2025-04-01,current_balance,312057.0835555554,316577.4247296227,PrimaryCore,Servicer data is stale; panel update is newer.
LN000826,2025-04-01,current_balance,568646.5213333323,575280.5121888993,PrimaryCore,Servicer data is stale; panel update is newer.
LN000826,2025-06-01,current_balance,565261.72061111,559309.2719159783,PrimaryCore,Servicer data is stale; panel update is newer.
LN000828,2025-04-01,current_balance,159347.52975000034,170750.46727196238,PrimaryCore,Servicer data is stale; panel update is newer.
LN000850,2025-05-01,current_balance,316025.73133333423,328374.05212321423,PrimaryCore,Servicer data is stale; panel update is newer.
LN000851,2025-05-01,current_balance,420863.25450000016,398201.2016600453,PrimaryCore,Servicer data is stale; panel update is newer.
LN000871,2025-03-01,current_balance,268263.2772222224,262066.2882459736,PrimaryCore,Servicer data is stale; panel update is newer.
LN000882,2025-02-01,current_balance,287889.1366111113,312569.4373700902,PrimaryCore,Servicer data is stale; panel update is newer.
LN000882,2025-05-01,current_balance,285392.988027778,265228.3051308149,PrimaryCore,Servicer data is stale; panel update is newer.
LN000890,2025-04-01,current_balance,175455.31111111114,162453.54559168062,PrimaryCore,Servicer data is stale; panel update is newer.
LN000892,2025-02-01,current_balance,361659.3263888889,384422.48392823647,PrimaryCore,Servicer data is stale; panel update is newer.
LN000908,2025-05-01,current_balance,192264.2182222221,183426.54996696507,PrimaryCore,Servicer data is stale; panel update is newer.
LN000909,2025-02-01,current_balance,303032.40155555564,291059.2735140822,PrimaryCore,Servicer data is stale; panel update is newer.
LN000911,2025-01-01,current_balance,322967.0550000003,292543.87519460754,PrimaryCore,Servicer data is stale; panel update is newer.
LN000922,2025-05-01,current_balance,327501.1277777785,352652.3668320727,PrimaryCore,Servicer data is stale; panel update is newer.
LN000941,2025-05-01,current_balance,355875.37533333345,364294.5072663188,PrimaryCore,Servicer data is stale; panel update is newer.
LN000954,2025-05-01,current_balance,345029.77777777845,329430.3965540656,PrimaryCore,Servicer data is stale; panel update is newer.
LN000960,2025-04-01,current_balance,337250.01900000026,362668.6898880935,PrimaryCore,Servicer data is stale; panel update is newer.
LN000962,2025-05-01,current_balance,315710.98611111107,310949.5661734337,PrimaryCore,Servicer data is stale; panel update is newer.
LN000976,2025-02-01,current_balance,302932.9520833336,327023.94959186297,PrimaryCore,Servicer data is stale; panel update is newer.
LN000976,2025-04-01,current_balance,301176.8190277781,319123.9879788178,PrimaryCore,Servicer data is stale; panel update is newer.
LN000980,2025-05-01,current_balance,168441.48750000008,183219.18377282025,PrimaryCore,Servicer data is stale; panel update is newer.
LN000981,2025-04-01,current_balance,228389.3178611111,245733.2132637116,PrimaryCore,Servicer data is stale; panel update is newer.
LN000991,2025-02-01,current_balance,251755.1490000001,260657.93165013945,PrimaryCore,Servicer data is stale; panel update is newer.
LN001001,2025-02-01,current_balance,209979.94833333328,195018.39278520367,PrimaryCore,Servicer data is stale; panel update is newer.
LN001003,2025-01-01,current_balance,207672.1702777778,211094.2750336772,PrimaryCore,Servicer data is stale; panel update is newer.
LN001017,2025-02-01,current_balance,307900.86600000004,291897.7182826309,PrimaryCore,Servicer data is stale; panel update is newer.
LN001028,2025-04-01,current_balance,219305.3333333335,221051.37359439532,PrimaryCore,Servicer data is stale; panel update is newer.
LN001051,2025-04-01,current_balance,350068.46875,338625.8647347707,PrimaryCore,Servicer data is stale; panel update is newer.
LN001056,2025-06-01,current_balance,370578.57711111096,344317.65605661407,PrimaryCore,Servicer data is stale; panel update is newer.
LN001061,2025-06-01,current_balance,259270.74722222213,239530.192541403,PrimaryCore,Servicer data is stale; panel update is newer.
LN001067,2025-04-01,current_balance,125579.17916666664,137381.56430072957,PrimaryCore,Servicer data is stale; panel update is newer.
LN001069,2025-04-01,current_balance,243030.16933333324,235244.629035848,PrimaryCore,Servicer data is stale; panel update is newer.
LN001075,2025-02-01,current_balance,309667.82138888893,331415.05994171614,PrimaryCore,Servicer data is stale; panel update is newer.
LN001094,2025-02-01,current_balance,295016.8135000002,311917.46162978484,PrimaryCore,Servicer data is stale; panel update is newer.
LN001094,2025-04-01,current_balance,293311.51400000026,314926.4137375627,PrimaryCore,Servicer data is stale; panel update is newer.
LN001095,2025-04-01,current_balance,481994.1869999999,508670.8122652788,PrimaryCore,Servicer data is stale; panel update is newer.
LN001103,2025-02-01,current_balance,296376.3547500004,299566.82747991185,PrimaryCore,Servicer data is stale; panel update is newer.
LN001103,2025-04-01,current_balance,294596.31658333377,316284.50974856486,PrimaryCore,Servicer data is stale; panel update is newer.
LN001117,2025-02-01,current_balance,200616.12455555573,183330.55459474568,PrimaryCore,Servicer data is stale; panel update is newer.
LN001121,2025-04-01,current_balance,279749.0383333332,265578.14620292146,PrimaryCore,Servicer data is stale; panel update is newer.
LN001129,2025-06-01,current_balance,108322.11794444434,116162.01823961682,PrimaryCore,Servicer data is stale; panel update is newer.
LN001137,2025-01-01,current_balance,288477.64375000045,271045.5634030214,PrimaryCore,Servicer data is stale; panel update is newer.
LN001138,2025-06-01,current_balance,331284.7737777777,318599.7134261621,PrimaryCore,Servicer data is stale; panel update is newer.
LN001140,2025-03-01,current_balance,252807.0674999999,256693.30593021915,PrimaryCore,Servicer data is stale; panel update is newer.
LN001148,2025-04-01,current_balance,325630.44983333326,329595.38912219804,PrimaryCore,Servicer data is stale; panel update is newer.
LN001148,2025-06-01,current_balance,323790.7297777777,331471.1092553876,PrimaryCore,Servicer data is stale; panel update is newer.
LN001151,2025-06-01,current_balance,362981.493583333,327556.97417495155,PrimaryCore,Servicer data is stale; panel update is newer.
LN001152,2025-03-01,current_balance,278441.6071111115,300781.3047646772,PrimaryCore,Servicer data is stale; panel update is newer.
LN001165,2025-01-01,current_balance,399337.4586666668,365766.1901914455,PrimaryCore,Servicer data is stale; panel update is newer.
LN001166,2025-03-01,current_balance,298733.47675000003,302354.6751982439,PrimaryCore,Servicer data is stale; panel update is newer.
LN001187,2025-02-01,current_balance,223402.166,209543.03721810132,PrimaryCore,Servicer data is stale; panel update is newer.
LN001187,2025-04-01,current_balance,222110.824,213972.13255932851,PrimaryCore,Servicer data is stale; panel update is newer.
LN001187,2025-05-01,current_balance,221465.153,232668.0602372853,PrimaryCore,Servicer data is stale; panel update is newer.
LN001190,2025-01-01,current_balance,302453.1072777776,291245.84487008705,PrimaryCore,Servicer data is stale; panel update is newer.
LN001208,2025-03-01,current_balance,356527.6458888886,369515.59390263504,PrimaryCore,Servicer data is stale; panel update is newer.
LN001215,2025-01-01,current_balance,282352.8271666667,268376.61102910346,PrimaryCore,Servicer data is stale; panel update is newer.
LN001224,2025-05-01,current_balance,221244.436361111,235410.82613919745,PrimaryCore,Servicer data is stale; panel update is newer.
LN001229,2025-06-01,current_balance,228262.00800000003,215254.82172038063,PrimaryCore,Servicer data is stale; panel update is newer.
LN001237,2025-02-01,current_balance,418978.09013888886,431187.7289446916,PrimaryCore,Servicer data is stale; panel update is newer.
LN001244,2025-05-01,current_balance,256915.57955555565,280403.17545908527,PrimaryCore,Servicer data is stale; panel update is newer.
LN001244,2025-06-01,current_balance,256185.7057500001,267222.1033632174,PrimaryCore,Servicer data is stale; panel update is newer.
LN001245,2025-02-01,current_balance,351741.7504166667,324504.9820223574,PrimaryCore,Servicer data is stale; panel update is newer.
LN001246,2025-03-01,current_balance,257082.22902777744,242660.48914781728,PrimaryCore,Servicer data is stale; panel update is newer.
LN001252,2025-04-01,current_balance,111429.39977777773,104522.47845909996,PrimaryCore,Servicer data is stale; panel update is newer.
LN001265,2025-05-01,current_balance,270217.2495000003,259954.60275249087,PrimaryCore,Servicer data is stale; panel update is newer.
LN001266,2025-03-01,current_balance,191361.48849999977,180251.02015401423,PrimaryCore,Servicer data is stale; panel update is newer.
LN001271,2025-06-01,current_balance,203488.96449999983,223087.61078857223,PrimaryCore,Servicer data is stale; panel update is newer.
LN001277,2025-05-01,current_balance,189797.55941666669,191725.2024468459,PrimaryCore,Servicer data is stale; panel update is newer.
LN001277,2025-06-01,current_balance,189240.9683333333,186346.4039116384,PrimaryCore,Servicer data is stale; panel update is newer.
LN001282,2025-01-01,current_balance,232164.5233333333,249424.9978293609,PrimaryCore,Servicer data is stale; panel update is newer.
LN001287,2025-06-01,current_balance,272353.0446111113,256647.05564269223,PrimaryCore,Servicer data is stale; panel update is newer.
LN001296,2025-01-01,current_balance,315718.57016666693,314234.9814277843,PrimaryCore,Servicer data is stale; panel update is newer.
LN001300,2025-04-01,current_balance,437182.9933333333,436956.26024813286,PrimaryCore,Servicer data is stale; panel update is newer.
LN001301,2025-04-01,current_balance,390789.8738888896,395142.0031235163,PrimaryCore,Servicer data is stale; panel update is newer.
LN001306,2025-03-01,current_balance,314788.4449999996,300531.7731467452,PrimaryCore,Servicer data is stale; panel update is newer.
LN001307,2025-03-01,current_balance,289448.17222222243,292952.6101245707,PrimaryCore,Servicer data is stale; panel update is newer.
LN001307,2025-04-01,current_balance,288621.1774444447,306688.28711094655,PrimaryCore,Servicer data is stale; panel update is newer.
LN001310,2025-06-01,current_balance,236453.71816666704,215472.3264722497,PrimaryCore,Servicer data is stale; panel update is newer.
LN001315,2025-02-01,current_balance,339705.5456666667,347814.90087774105,PrimaryCore,Servicer data is stale; panel update is newer.
LN001332,2025-02-01,current_balance,189668.25694444453,204654.54790183637,PrimaryCore,Servicer data is stale; panel update is newer.
LN001332,2025-03-01,current_balance,189126.34763888904,171912.0595799903,PrimaryCore,Servicer data is stale; panel update is newer.
LN001334,2025-01-01,current_balance,314031.55041666667,285811.00641387433,PrimaryCore,Servicer data is stale; panel update is newer.
LN001342,2025-01-01,current_balance,225881.92088888885,212729.27218425856,PrimaryCore,Servicer data is stale; panel update is newer.
LN001372,2025-02-01,current_balance,57621.68694444444,56199.011183726296,PrimaryCore,Servicer data is stale; panel update is newer.
LN001381,2025-06-01,current_balance,430291.9291666665,400505.83297837176,PrimaryCore,Servicer data is stale; panel update is newer.
LN001410,2025-04-01,current_balance,257815.59266666707,268841.0341487913,PrimaryCore,Servicer data is stale; panel update is newer.
LN001410,2025-05-01,current_balance,257027.1657777782,248326.78106475464,PrimaryCore,Servicer data is stale; panel update is newer.
LN001418,2025-05-01,current_balance,183221.50097222207,197680.23673416267,PrimaryCore,Servicer data is stale; panel update is newer.
LN001429,2025-05-01,current_balance,313106.4627777783,316310.6247899168,PrimaryCore,Servicer data is stale; panel update is newer.
LN001440,2025-06-01,current_balance,199608.01011111125,180900.60809144395,PrimaryCore,Servicer data is stale; panel update is newer.
LN001460,2025-01-01,current_balance,404421.5972222223,379062.3180380809,PrimaryCore,Servicer data is stale; panel update is newer.
LN001469,2025-04-01,current_balance,99404.61041666663,99773.25858650976,PrimaryCore,Servicer data is stale; panel update is newer.
LN001492,2025-04-01,current_balance,249913.3898333333,267024.16433192056,PrimaryCore,Servicer data is stale; panel update is newer.
LN001496,2025-04-01,current_balance,198968.0293333332,200785.82208509484,PrimaryCore,Servicer data is stale; panel update is newer.
LN001501,2025-04-01,current_balance,404668.8819444445,376847.8866609011,PrimaryCore,Servicer data is stale; panel update is newer.
LN001523,2025-05-01,current_balance,376798.6716666666,343418.7408211652,PrimaryCore,Servicer data is stale; panel update is newer.
LN001526,2025-05-01,current_balance,323858.965,330457.8875241245,PrimaryCore,Servicer data is stale; panel update is newer.
LN001528,2025-02-01,current_balance,411181.7666666666,379736.1973945092,PrimaryCore,Servicer data is stale; panel update is newer.
LN001539,2025-04-01,current_balance,274475.90866666706,269491.0968005728,PrimaryCore,Servicer data is stale; panel update is newer.
LN001558,2025-01-01,current_balance,291426.22666666674,319902.4504669577,PrimaryCore,Servicer data is stale; panel update is newer.
LN001567,2025-04-01,current_balance,405567.4225555557,369332.9340245613,PrimaryCore,Servicer data is stale; panel update is newer.
LN001577,2025-01-01,current_balance,284721.03075000003,294726.2224125122,PrimaryCore,Servicer data is stale; panel update is newer.
LN001580,2025-02-01,current_balance,386657.2350833337,367975.21445171314,PrimaryCore,Servicer data is stale; panel update is newer.
LN001581,2025-01-01,current_balance,269924.06658333325,244207.84677313105,PrimaryCore,Servicer data is stale; panel update is newer.
LN001582,2025-02-01,current_balance,244684.9376666667,250501.7955082654,PrimaryCore,Servicer data is stale; panel update is newer.
LN001585,2025-01-01,current_balance,250837.0785000001,229670.99132447835,PrimaryCore,Servicer data is stale; panel update is newer.
LN001588,2025-03-01,current_balance,379438.4174999997,351636.16358318244,PrimaryCore,Servicer data is stale; panel update is newer.
LN001588,2025-04-01,current_balance,378338.59599999967,365260.36550396384,PrimaryCore,Servicer data is stale; panel update is newer.
LN001609,2025-01-01,current_balance,307413.23241666687,277236.87925908307,PrimaryCore,Servicer data is stale; panel update is newer.
LN001617,2025-03-01,current_balance,312796.3299166668,301376.04402560584,PrimaryCore,Servicer data is stale; panel update is newer.
LN001617,2025-06-01,current_balance,310138.0041666668,312347.3792609156,PrimaryCore,Servicer data is stale; panel update is newer.
LN001621,2025-04-01,current_balance,251986.58125000005,239296.40044072963,PrimaryCore,Servicer data is stale; panel update is newer.
LN001637,2025-03-01,current_balance,98841.27416666668,105525.91190223214,PrimaryCore,Servicer data is stale; panel update is newer.
LN001638,2025-05-01,current_balance,176337.48611111136,183168.38555852207,PrimaryCore,Servicer data is stale; panel update is newer.
LN001652,2025-01-01,current_balance,98550.1269444446,95691.0406524824,PrimaryCore,Servicer data is stale; panel update is newer.
LN001662,2025-03-01,current_balance,293846.96977777773,268718.597310361,PrimaryCore,Servicer data is stale; panel update is newer.
LN001663,2025-06-01,current_balance,398803.367111111,419421.4400945677,PrimaryCore,Servicer data is stale; panel update is newer.
LN001669,2025-06-01,current_balance,155692.38450000042,168839.22412142347,PrimaryCore,Servicer data is stale; panel update is newer.
LN001671,2025-04-01,current_balance,190536.3297777779,187306.5072867225,PrimaryCore,Servicer data is stale; panel update is newer.
LN001675,2025-03-01,current_balance,254105.18977777744,259057.8625008894,PrimaryCore,Servicer data is stale; panel update is newer.
LN001679,2025-01-01,current_balance,299870.9512500002,300524.9867173276,PrimaryCore,Servicer data is stale; panel update is newer.
LN001679,2025-05-01,current_balance,296453.61847222253,307079.0904955357,PrimaryCore,Servicer data is stale; panel update is newer.
LN001706,2025-04-01,current_balance,280986.10983333364,271001.5975520536,PrimaryCore,Servicer data is stale; panel update is newer.
LN001707,2025-04-01,current_balance,216979.5853333333,202233.266911389,PrimaryCore,Servicer data is stale; panel update is newer.
LN001713,2025-03-01,current_balance,157926.25138888898,169739.48380665266,PrimaryCore,Servicer data is stale; panel update is newer.
LN001723,2025-03-01,current_balance,159667.9987499999,160648.0649840829,PrimaryCore,Servicer data is stale; panel update is newer.
LN001729,2025-06-01,current_balance,437355.5014722228,453312.6195985346,PrimaryCore,Servicer data is stale; panel update is newer.
LN001731,2025-06-01,current_balance,223349.75999999983,238601.89145961276,PrimaryCore,Servicer data is stale; panel update is newer.
LN001737,2025-05-01,current_balance,351898.2908333337,379466.0138006624,PrimaryCore,Servicer data is stale; panel update is newer.
LN001737,2025-06-01,current_balance,350881.2437500004,375914.86319799593,PrimaryCore,Servicer data is stale; panel update is newer.
LN001741,2025-01-01,current_balance,312938.52763888886,339681.02547446627,PrimaryCore,Servicer data is stale; panel update is newer.
LN001743,2025-01-01,current_balance,412066.0665555552,405467.428651836,PrimaryCore,Servicer data is stale; panel update is newer.
LN001748,2025-02-01,current_balance,291280.00199999975,299662.5810847788,PrimaryCore,Servicer data is stale; panel update is newer.
LN001754,2025-02-01,current_balance,346496.75988888915,359180.0132960246,PrimaryCore,Servicer data is stale; panel update is newer.
LN001760,2025-03-01,current_balance,433769.7722222224,458151.723232904,PrimaryCore,Servicer data is stale; panel update is newer.
LN001761,2025-02-01,current_balance,282272.7263333333,284893.8916361196,PrimaryCore,Servicer data is stale; panel update is newer.
LN001761,2025-03-01,current_balance,281479.8254166667,295503.912396043,PrimaryCore,Servicer data is stale; panel update is newer.
LN001789,2025-01-01,current_balance,267957.6744999999,262269.21886091586,PrimaryCore,Servicer data is stale; panel update is newer.
LN001828,2025-04-01,current_balance,406091.4573611106,376471.5904952505,PrimaryCore,Servicer data is stale; panel update is newer.
LN001829,2025-06-01,current_balance,229395.9171388888,227280.0871358856,PrimaryCore,Servicer data is stale; panel update is newer.
LN001847,2025-02-01,current_balance,340081.25102777814,336663.31015655753,PrimaryCore,Servicer data is stale; panel update is newer.
LN001849,2025-03-01,current_balance,274541.88577777805,289005.5019841765,PrimaryCore,Servicer data is stale; panel update is newer.
LN001851,2025-01-01,current_balance,301695.9611111112,312108.9447286802,PrimaryCore,Servicer data is stale; panel update is newer.
LN001861,2025-03-01,current_balance,251498.7708333337,233141.5670190628,PrimaryCore,Servicer data is stale; panel update is newer.
LN001862,2025-05-01,current_balance,164655.90749999997,167811.18054152175,PrimaryCore,Servicer data is stale; panel update is newer.
LN001864,2025-01-01,current_balance,297011.2943888892,294179.59898343275,PrimaryCore,Servicer data is stale; panel update is newer.
LN001864,2025-04-01,current_balance,294252.67555555585,290842.5227270548,PrimaryCore,Servicer data is stale; panel update is newer.
LN001875,2025-03-01,current_balance,98393.9415000001,99491.14814397198,PrimaryCore,Servicer data is stale; panel update is newer.
LN001893,2025-02-01,current_balance,184449.40566666672,197316.66558445635,PrimaryCore,Servicer data is stale; panel update is newer.
LN001895,2025-02-01,current_balance,228454.545,233169.15410422115,PrimaryCore,Servicer data is stale; panel update is newer.
LN001895,2025-04-01,current_balance,227171.0925,240824.3461822972,PrimaryCore,Servicer data is stale; panel update is newer.
LN001895,2025-05-01,current_balance,226529.36625,231047.9916157444,PrimaryCore,Servicer data is stale; panel update is newer.
LN001899,2025-02-01,current_balance,170112.3281666669,179963.3361652208,PrimaryCore,Servicer data is stale; panel update is newer.
LN001901,2025-02-01,current_balance,113206.96150000003,106993.20116972756,PrimaryCore,Servicer data is stale; panel update is newer.
LN001903,2025-03-01,current_balance,159446.58958333312,163370.87994334,PrimaryCore,Servicer data is stale; panel update is newer.
LN001912,2025-01-01,current_balance,181986.82755555527,169224.89859299184,PrimaryCore,Servicer data is stale; panel update is newer.
LN001912,2025-02-01,current_balance,181431.9896666664,193119.2471128605,PrimaryCore,Servicer data is stale; panel update is newer.
LN001913,2025-05-01,current_balance,281750.8615833334,298944.7408630865,PrimaryCore,Servicer data is stale; panel update is newer.
LN001914,2025-01-01,current_balance,296517.8893055558,274329.084575232,PrimaryCore,Servicer data is stale; panel update is newer.
LN001920,2025-01-01,current_balance,415810.6397777779,448978.7997699693,PrimaryCore,Servicer data is stale; panel update is newer.
LN001925,2025-02-01,current_balance,231481.14238888893,226273.3096024565,PrimaryCore,Servicer data is stale; panel update is newer.
LN001925,2025-04-01,current_balance,230169.63450000004,239607.1195548655,PrimaryCore,Servicer data is stale; panel update is newer.
LN001928,2025-06-01,current_balance,310152.8926666665,282679.4238499569,PrimaryCore,Servicer data is stale; panel update is newer.
LN001932,2025-01-01,current_balance,328083.81450000004,297619.11390094424,PrimaryCore,Servicer data is stale; panel update is newer.
LN001935,2025-02-01,current_balance,310776.3555555555,314389.1121029232,PrimaryCore,Servicer data is stale; panel update is newer.
LN001952,2025-04-01,current_balance,332489.5546666658,341868.6602320685,PrimaryCore,Servicer data is stale; panel update is newer.
LN001952,2025-06-01,current_balance,330462.1793333324,309527.0113330155,PrimaryCore,Servicer data is stale; panel update is newer.
LN001966,2025-04-01,current_balance,466125.9993333332,475956.0022320744,PrimaryCore,Servicer data is stale; panel update is newer.
LN001969,2025-03-01,current_balance,269956.9110000001,270207.1808480952,PrimaryCore,Servicer data is stale; panel update is newer.
LN001986,2025-02-01,current_balance,384783.9432222219,367483.5686533446,PrimaryCore,Servicer data is stale; panel update is newer.
LN001986,2025-03-01,current_balance,383675.0557777775,410577.1556687057,PrimaryCore,Servicer data is stale; panel update is newer.
LN001991,2025-06-01,current_balance,323706.68594444444,291544.3357462943,PrimaryCore,Servicer data is stale; panel update is newer.
LN001997,2025-01-01,current_balance,362507.7195555556,394046.26073004486,PrimaryCore,Servicer data is stale; panel update is newer.
LN002000,2025-02-01,current_balance,432252.1972222222,418916.3435184512,PrimaryCore,Servicer data is stale; panel update is newer.
LN002013,2025-06-01,current_balance,343780.2439999997,355805.7718213709,PrimaryCore,Servicer data is stale; panel update is newer.
LN002014,2025-01-01,current_balance,224721.46966666664,244703.27263360156,PrimaryCore,Servicer data is stale; panel update is newer.
LN002033,2025-04-01,current_balance,381680.72516666655,365411.8718081086,PrimaryCore,Servicer data is stale; panel update is newer.
LN002038,2025-02-01,current_balance,491502.4594999997,526149.7453848172,PrimaryCore,Servicer data is stale; panel update is newer.
LN002045,2025-02-01,current_balance,231511.1567500001,251891.11483049253,PrimaryCore,Servicer data is stale; panel update is newer.
LN002054,2025-03-01,current_balance,107976.65350000016,110266.88568153048,PrimaryCore,Servicer data is stale; panel update is newer.
LN002057,2025-01-01,current_balance,246889.10236111123,244578.05971396412,PrimaryCore,Servicer data is stale; panel update is newer.
LN002074,2025-05-01,current_balance,206236.3634722222,199255.4886586757,PrimaryCore,Servicer data is stale; panel update is newer.
LN002077,2025-01-01,current_balance,395447.6868333332,413972.81833864434,PrimaryCore,Servicer data is stale; panel update is newer.
LN002083,2025-06-01,current_balance,408235.4015277774,374863.0254158595,PrimaryCore,Servicer data is stale; panel update is newer.
LN002087,2025-02-01,current_balance,214192.33799999976,219781.85466288123,PrimaryCore,Servicer data is stale; panel update is newer.
LN002091,2025-05-01,current_balance,363031.52166666667,354264.9365239435,PrimaryCore,Servicer data is stale; panel update is newer.
LN002095,2025-04-01,current_balance,364834.0605,391996.5798470638,PrimaryCore,Servicer data is stale; panel update is newer.
LN002109,2025-03-01,current_balance,233077.2754166665,234272.08389345897,PrimaryCore,Servicer data is stale; panel update is newer.
LN002110,2025-05-01,current_balance,308653.8888888888,305139.35250933166,PrimaryCore,Servicer data is stale; panel update is newer.
LN002121,2025-03-01,current_balance,228755.73638888856,228852.771794393,PrimaryCore,Servicer data is stale; panel update is newer.
LN002142,2025-04-01,current_balance,362194.5405000001,392768.2221027992,PrimaryCore,Servicer data is stale; panel update is newer.
LN002148,2025-06-01,current_balance,373096.34177777806,406745.6461606477,PrimaryCore,Servicer data is stale; panel update is newer.
LN002159,2025-01-01,current_balance,315733.21577777783,334288.8963067634,PrimaryCore,Servicer data is stale; panel update is newer.
LN002174,2025-02-01,current_balance,192025.33350000007,175687.49410820534,PrimaryCore,Servicer data is stale; panel update is newer.
LN002191,2025-05-01,current_balance,229526.21602777785,225926.04586776588,PrimaryCore,Servicer data is stale; panel update is newer.
LN002200,2025-06-01,current_balance,314699.6372777779,311757.69294290966,PrimaryCore,Servicer data is stale; panel update is newer.
LN002202,2025-04-01,current_balance,444631.6129166666,445269.74549594,PrimaryCore,Servicer data is stale; panel update is newer.
LN002208,2025-02-01,current_balance,100923.87583333332,100130.60307614694,PrimaryCore,Servicer data is stale; panel update is newer.
LN002224,2025-05-01,current_balance,260113.481333333,269987.80166243855,PrimaryCore,Servicer data is stale; panel update is newer.
LN002226,2025-06-01,current_balance,170946.05424999952,182945.9098725817,PrimaryCore,Servicer data is stale; panel update is newer.
LN002232,2025-02-01,current_balance,369992.8263888889,405086.6421890878,PrimaryCore,Servicer data is stale; panel update is newer.
LN002238,2025-03-01,current_balance,325096.020111111,299485.0548404294,PrimaryCore,Servicer data is stale; panel update is newer.
LN002242,2025-06-01,current_balance,279708.1183333322,270232.51278812817,PrimaryCore,Servicer data is stale; panel update is newer.
LN002247,2025-02-01,current_balance,287531.42733333324,298678.1873524714,PrimaryCore,Servicer data is stale; panel update is newer.
LN002257,2025-02-01,current_balance,197736.10288888897,180336.08503943877,PrimaryCore,Servicer data is stale; panel update is newer.
LN002264,2025-02-01,current_balance,223783.5306666665,244913.7437638512,PrimaryCore,Servicer data is stale; panel update is newer.
LN002265,2025-04-01,current_balance,332197.81866666686,310697.57443762553,PrimaryCore,Servicer data is stale; panel update is newer.
LN002270,2025-01-01,current_balance,105342.75449999988,115794.75478054924,PrimaryCore,Servicer data is stale; panel update is newer.
LN002272,2025-01-01,current_balance,122877.07269444434,120288.55990757924,PrimaryCore,Servicer data is stale; panel update is newer.
LN002290,2025-02-01,current_balance,355747.2309166667,355105.74935443525,PrimaryCore,Servicer data is stale; panel update is newer.
LN002294,2025-06-01,current_balance,188117.3305277776,182350.72736999477,PrimaryCore,Servicer data is stale; panel update is newer.
LN002305,2025-04-01,current_balance,294890.61466666684,272554.57494401094,PrimaryCore,Servicer data is stale; panel update is newer.
LN002343,2025-05-01,current_balance,303483.2175000002,283689.6880602482,PrimaryCore,Servicer data is stale; panel update is newer.
LN002345,2025-06-01,current_balance,318279.04674999986,349690.8306632028,PrimaryCore,Servicer data is stale; panel update is newer.
LN002347,2025-05-01,current_balance,383404.7711666671,350148.71911874285,PrimaryCore,Servicer data is stale; panel update is newer.
LN002347,2025-06-01,current_balance,382286.9730000004,412048.5412345939,PrimaryCore,Servicer data is stale; panel update is newer.
LN002355,2025-01-01,current_balance,177553.58500000005,183340.36363827987,PrimaryCore,Servicer data is stale; panel update is newer.
LN002355,2025-02-01,current_balance,177032.90000000005,172333.78599233102,PrimaryCore,Servicer data is stale; panel update is newer.
LN002355,2025-04-01,current_balance,175991.53000000006,175439.7887761408,PrimaryCore,Servicer data is stale; panel update is newer.
LN002366,2025-06-01,current_balance,314804.2725555551,330568.3094599253,PrimaryCore,Servicer data is stale; panel update is newer.
LN002367,2025-04-01,current_balance,155764.6389444445,162895.5456764988,PrimaryCore,Servicer data is stale; panel update is newer.
LN002382,2025-02-01,current_balance,290790.9570833331,265950.7132963927,PrimaryCore,Servicer data is stale; panel update is newer.
LN002384,2025-06-01,current_balance,85432.79763888898,83966.37038404468,PrimaryCore,Servicer data is stale; panel update is newer.
LN002385,2025-04-01,current_balance,257087.2958333341,257731.0921671016,PrimaryCore,Servicer data is stale; panel update is newer.
LN002392,2025-02-01,current_balance,329504.192111111,312103.8965511111,PrimaryCore,Servicer data is stale; panel update is newer.
LN002392,2025-03-01,current_balance,328480.88716666657,337516.47760983685,PrimaryCore,Servicer data is stale; panel update is newer.
LN002392,2025-06-01,current_balance,325410.9723333332,348216.6107643919,PrimaryCore,Servicer data is stale; panel update is newer.
LN002397,2025-01-01,current_balance,224474.96100000004,224101.13167311312,PrimaryCore,Servicer data is stale; panel update is newer.
LN002404,2025-04-01,current_balance,341494.97066666675,371033.5995655665,PrimaryCore,Servicer data is stale; panel update is newer.
LN002422,2025-06-01,current_balance,141489.67950000011,143308.58520046982,PrimaryCore,Servicer data is stale; panel update is newer.
LN002449,2025-01-01,current_balance,377307.212388889,371462.4861877587,PrimaryCore,Servicer data is stale; panel update is newer.
LN002449,2025-06-01,current_balance,371725.7447500001,405193.26144145336,PrimaryCore,Servicer data is stale; panel update is newer.
LN002453,2025-05-01,current_balance,238796.3307222221,225262.0546878256,PrimaryCore,Servicer data is stale; panel update is newer.
LN002461,2025-05-01,current_balance,364841.6706666666,332143.7089801212,PrimaryCore,Servicer data is stale; panel update is newer.
LN002470,2025-05-01,current_balance,310745.3477499998,334450.4671523757,PrimaryCore,Servicer data is stale; panel update is newer.
LN002480,2025-03-01,current_balance,210939.0813333333,213885.54624151072,PrimaryCore,Servicer data is stale; panel update is newer.
LN002484,2025-04-01,current_balance,266952.3538333335,285340.8716228897,PrimaryCore,Servicer data is stale; panel update is newer.
LN002493,2025-05-01,current_balance,227614.0426388892,224998.06774358504,PrimaryCore,Servicer data is stale; panel update is newer.
LN002493,2025-06-01,current_balance,226946.55277777804,248361.2090608421,PrimaryCore,Servicer data is stale; panel update is newer.
LN002502,2025-06-01,current_balance,227967.340583333,231938.2826192625,PrimaryCore,Servicer data is stale; panel update is newer.
LN002506,2025-01-01,current_balance,318086.8385555556,299690.15535022254,PrimaryCore,Servicer data is stale; panel update is newer.
LN002510,2025-01-01,current_balance,192134.73694444448,185513.7346074239,PrimaryCore,Servicer data is stale; panel update is newer.
LN002525,2025-01-01,current_balance,279219.4142222222,298313.7838268394,PrimaryCore,Servicer data is stale; panel update is newer.
LN002525,2025-05-01,current_balance,276046.46633333334,257329.66879150565,PrimaryCore,Servicer data is stale; panel update is newer.
LN002529,2025-04-01,current_balance,319246.7211111107,288409.55477921147,PrimaryCore,Servicer data is stale; panel update is newer.
LN002541,2025-03-01,current_balance,184735.9693333331,190264.29523840157,PrimaryCore,Servicer data is stale; panel update is newer.
LN002541,2025-06-01,current_balance,183124.89983333307,190966.23356327927,PrimaryCore,Servicer data is stale; panel update is newer.
LN002547,2025-01-01,current_balance,381191.5651111112,361227.9745283956,PrimaryCore,Servicer data is stale; panel update is newer.
LN002547,2025-02-01,current_balance,380050.2730000001,359196.86641468003,PrimaryCore,Servicer data is stale; panel update is newer.
LN002550,2025-03-01,current_balance,222894.21877777792,243656.07873195305,PrimaryCore,Servicer data is stale; panel update is newer.
LN002554,2025-04-01,current_balance,207798.12008333343,203953.65036427957,PrimaryCore,Servicer data is stale; panel update is newer.
LN002566,2025-03-01,current_balance,136790.10933333315,142538.7813101977,PrimaryCore,Servicer data is stale; panel update is newer.
LN002582,2025-05-01,current_balance,456714.26052777824,501990.78358632006,PrimaryCore,Servicer data is stale; panel update is newer.
LN002587,2025-01-01,current_balance,301081.3446666666,277125.40171652165,PrimaryCore,Servicer data is stale; panel update is newer.
LN002597,2025-03-01,current_balance,271832.7747777783,276022.7287629574,PrimaryCore,Servicer data is stale; panel update is newer.
LN002597,2025-06-01,current_balance,269412.89844444505,242508.13182436468,PrimaryCore,Servicer data is stale; panel update is newer.
LN002599,2025-01-01,current_balance,265200.5684999995,287378.33183781395,PrimaryCore,Servicer data is stale; panel update is newer.
LN002618,2025-01-01,current_balance,245752.67124999987,249609.2356142099,PrimaryCore,Servicer data is stale; panel update is newer.
LN002619,2025-04-01,current_balance,255361.61316666665,249584.9986072514,PrimaryCore,Servicer data is stale; panel update is newer.
LN002639,2025-01-01,current_balance,379332.8009999996,411288.6727990636,PrimaryCore,Servicer data is stale; panel update is newer.
LN002644,2025-04-01,current_balance,323751.82791666646,312735.6717358806,PrimaryCore,Servicer data is stale; panel update is newer.
LN002645,2025-04-01,current_balance,431835.634222223,434528.6761124881,PrimaryCore,Servicer data is stale; panel update is newer.
LN002645,2025-06-01,current_balance,429202.490111112,405353.6675258965,PrimaryCore,Servicer data is stale; panel update is newer.
LN002650,2025-02-01,current_balance,308973.62699999975,302227.918446074,PrimaryCore,Servicer data is stale; panel update is newer.
LN002654,2025-01-01,current_balance,177434.3299444443,160978.61460781295,PrimaryCore,Servicer data is stale; panel update is newer.
LN002654,2025-05-01,current_balance,175334.5153888887,175494.13226274235,PrimaryCore,Servicer data is stale; panel update is newer.
LN002657,2025-02-01,current_balance,206405.7464444445,192236.89737541543,PrimaryCore,Servicer data is stale; panel update is newer.
LN002657,2025-05-01,current_balance,204573.74277777784,189868.11025091945,PrimaryCore,Servicer data is stale; panel update is newer.
LN002659,2025-05-01,current_balance,205834.4568888888,196049.7879654764,PrimaryCore,Servicer data is stale; panel update is newer.
LN002664,2025-02-01,current_balance,168388.16622222224,177122.37612010835,PrimaryCore,Servicer data is stale; panel update is newer.
LN002668,2025-02-01,current_balance,311012.3194444447,324670.7021146375,PrimaryCore,Servicer data is stale; panel update is newer.
LN002671,2025-03-01,current_balance,199167.8687777778,207725.4459920952,PrimaryCore,Servicer data is stale; panel update is newer.
LN002671,2025-04-01,current_balance,198608.40847222225,192805.26375453657,PrimaryCore,Servicer data is stale; panel update is newer.
LN002675,2025-05-01,current_balance,434100.9688888887,417103.40701260936,PrimaryCore,Servicer data is stale; panel update is newer.
LN002680,2025-01-01,current_balance,354708.984916667,366779.0869224695,PrimaryCore,Servicer data is stale; panel update is newer.
LN002683,2025-06-01,current_balance,369090.9993333336,403157.2527871771,PrimaryCore,Servicer data is stale; panel update is newer.
LN002684,2025-03-01,current_balance,398445.66244444455,366976.02660668176,PrimaryCore,Servicer data is stale; panel update is newer.
LN002685,2025-01-01,current_balance,139075.11555555562,142066.59668890224,PrimaryCore,Servicer data is stale; panel update is newer.
LN002697,2025-01-01,current_balance,269531.4394444446,261377.7049287969,PrimaryCore,Servicer data is stale; panel update is newer.
LN002697,2025-04-01,current_balance,267153.2208611113,244935.21586136552,PrimaryCore,Servicer data is stale; panel update is newer.
LN002698,2025-02-01,current_balance,550947.2213333338,552498.426815472,PrimaryCore,Servicer data is stale; panel update is newer.
LN002705,2025-06-01,current_balance,288488.148,278903.5703880967,PrimaryCore,Servicer data is stale; panel update is newer.
LN002713,2025-01-01,current_balance,416400.7069444438,399117.29268150334,PrimaryCore,Servicer data is stale; panel update is newer.
LN002726,2025-01-01,current_balance,207964.12611111096,220703.71789990668,PrimaryCore,Servicer data is stale; panel update is newer.
LN002728,2025-01-01,current_balance,335141.42024999985,303050.5322292029,PrimaryCore,Servicer data is stale; panel update is newer.
LN002728,2025-04-01,current_balance,332276.9636666665,360738.2298380242,PrimaryCore,Servicer data is stale; panel update is newer.
LN002731,2025-02-01,current_balance,281812.30402777763,267731.34074897924,PrimaryCore,Servicer data is stale; panel update is newer.
LN002735,2025-01-01,current_balance,202605.0873611112,194101.088989324,PrimaryCore,Servicer data is stale; panel update is newer.
LN002741,2025-04-01,current_balance,374212.5075,403376.2299858875,PrimaryCore,Servicer data is stale; panel update is newer.
LN002743,2025-01-01,current_balance,250354.4518611112,268050.0130724744,PrimaryCore,Servicer data is stale; panel update is newer.
LN002750,2025-05-01,current_balance,133511.38766666636,134200.41177853988,PrimaryCore,Servicer data is stale; panel update is newer.
LN002765,2025-04-01,current_balance,245013.6830555556,238570.98832497437,PrimaryCore,Servicer data is stale; panel update is newer.
LN002773,2025-03-01,current_balance,314862.17366666696,346009.77125006384,PrimaryCore,Servicer data is stale; panel update is newer.
LN002787,2025-01-01,current_balance,303760.5987222225,294336.04259834776,PrimaryCore,Servicer data is stale; panel update is newer.
LN002787,2025-02-01,current_balance,302882.67791666696,295228.2036486542,PrimaryCore,Servicer data is stale; panel update is newer.
LN002796,2025-06-01,current_balance,203271.9491666665,204239.9653639459,PrimaryCore,Servicer data is stale; panel update is newer.
LN002804,2025-01-01,current_balance,142177.65777777776,131322.59511230804,PrimaryCore,Servicer data is stale; panel update is newer.
LN002805,2025-04-01,current_balance,430845.5775000001,427056.20835542784,PrimaryCore,Servicer data is stale; panel update is newer.
LN002813,2025-02-01,current_balance,298993.34352777764,298704.18913264706,PrimaryCore,Servicer data is stale; panel update is newer.
LN002824,2025-01-01,current_balance,322356.2836666666,346553.72826755955,PrimaryCore,Servicer data is stale; panel update is newer.
LN002840,2025-06-01,current_balance,311302.9516666663,294839.8011622381,PrimaryCore,Servicer data is stale; panel update is newer.
LN002845,2025-04-01,current_balance,124713.23555555556,127560.02217658445,PrimaryCore,Servicer data is stale; panel update is newer.
LN002846,2025-02-01,current_balance,321095.4756666666,296848.1399904819,PrimaryCore,Servicer data is stale; panel update is newer.
LN002849,2025-03-01,current_balance,217811.42502777764,234814.8618178828,PrimaryCore,Servicer data is stale; panel update is newer.
LN002864,2025-01-01,current_balance,422474.0115555558,400833.33560173307,PrimaryCore,Servicer data is stale; panel update is newer.
LN002873,2025-06-01,current_balance,259120.7419999999,264954.38615756016,PrimaryCore,Servicer data is stale; panel update is newer.
LN002885,2025-04-01,current_balance,323639.9461111116,309433.4217346625,PrimaryCore,Servicer data is stale; panel update is newer.
LN002890,2025-04-01,current_balance,293818.8263888891,305649.0620537954,PrimaryCore,Servicer data is stale; panel update is newer.
LN002899,2025-02-01,current_balance,385429.296138889,418686.5949705656,PrimaryCore,Servicer data is stale; panel update is newer.
LN002905,2025-01-01,current_balance,242227.40177777776,251622.6564877495,PrimaryCore,Servicer data is stale; panel update is newer.
LN002910,2025-05-01,current_balance,158143.0946666668,158063.8267988451,PrimaryCore,Servicer data is stale; panel update is newer.
LN002922,2025-06-01,current_balance,274134.61327777826,290413.5340236266,PrimaryCore,Servicer data is stale; panel update is newer.
LN002923,2025-03-01,current_balance,290660.9123888885,273193.48378050013,PrimaryCore,Servicer data is stale; panel update is newer.
LN002931,2025-03-01,current_balance,166010.68611111096,166720.5005571258,PrimaryCore,Servicer data is stale; panel update is newer.
LN002934,2025-02-01,current_balance,220394.31744444472,203831.25116764137,PrimaryCore,Servicer data is stale; panel update is newer.
LN002935,2025-01-01,current_balance,171298.68949999983,164542.10814475687,PrimaryCore,Servicer data is stale; panel update is newer.
LN002936,2025-03-01,current_balance,321160.8030000004,314207.600232726,PrimaryCore,Servicer data is stale; panel update is newer.
LN002936,2025-06-01,current_balance,318318.6720000005,287429.676863535,PrimaryCore,Servicer data is stale; panel update is newer.
LN002938,2025-05-01,current_balance,257867.80625,278102.0399677244,PrimaryCore,Servicer data is stale; panel update is newer.
LN002953,2025-02-01,current_balance,314133.91599999985,341301.0383986395,PrimaryCore,Servicer data is stale; panel update is newer.
LN002954,2025-04-01,current_balance,314201.92688888893,283456.902911792,PrimaryCore,Servicer data is stale; panel update is newer.
LN002958,2025-01-01,current_balance,315304.0171944447,298254.2865345916,PrimaryCore,Servicer data is stale; panel update is newer.
LN002973,2025-01-01,current_balance,162879.26408333317,169398.60235218477,PrimaryCore,Servicer data is stale; panel update is newer.
LN002985,2025-03-01,current_balance,200227.6321111114,183026.31037918912,PrimaryCore,Servicer data is stale; panel update is newer.
LN002985,2025-05-01,current_balance,198983.9822222225,182728.54692028428,PrimaryCore,Servicer data is stale; panel update is newer.
LN002992,2025-02-01,current_balance,386194.0915,394704.0049115808,PrimaryCore,Servicer data is stale; panel update is newer.
LN002993,2025-03-01,current_balance,127034.8996388888,134022.1814013853,PrimaryCore,Servicer data is stale; panel update is newer.
LN003001,2025-01-01,current_balance,307040.55416666606,292200.7050699783,PrimaryCore,Servicer data is stale; panel update is newer.
LN003001,2025-04-01,current_balance,304206.333666666,276182.7093666935,PrimaryCore,Servicer data is stale; panel update is newer.
LN003002,2025-02-01,current_balance,372484.6171666667,363370.4071816481,PrimaryCore,Servicer data is stale; panel update is newer.
LN003005,2025-03-01,current_balance,316576.91466666653,338835.6780116725,PrimaryCore,Servicer data is stale; panel update is newer.
LN003007,2025-02-01,current_balance,363543.97858333326,337635.9454354341,PrimaryCore,Servicer data is stale; panel update is newer.
LN003023,2025-02-01,current_balance,312775.99199999974,287118.7578399597,PrimaryCore,Servicer data is stale; panel update is newer.
LN003027,2025-01-01,current_balance,356101.8337500002,378850.8936570877,PrimaryCore,Servicer data is stale; panel update is newer.
LN003030,2025-04-01,current_balance,459441.004166667,447162.7436320605,PrimaryCore,Servicer data is stale; panel update is newer.
LN003034,2025-04-01,current_balance,326657.8113888887,355247.08201551705,PrimaryCore,Servicer data is stale; panel update is newer.
LN003036,2025-04-01,current_balance,262423.55980555527,284307.1911120448,PrimaryCore,Servicer data is stale; panel update is newer.
LN003038,2025-01-01,current_balance,308668.80383333337,315814.69585777406,PrimaryCore,Servicer data is stale; panel update is newer.
LN003059,2025-04-01,current_balance,422872.11022222246,391166.2903402512,PrimaryCore,Servicer data is stale; panel update is newer.
LN003066,2025-03-01,current_balance,111579.06144444452,102308.49417711326,PrimaryCore,Servicer data is stale; panel update is newer.
LN003067,2025-01-01,current_balance,265243.329,288247.71512436104,PrimaryCore,Servicer data is stale; panel update is newer.
LN003067,2025-02-01,current_balance,264487.65,254021.01297053372,PrimaryCore,Servicer data is stale; panel update is newer.
LN003076,2025-06-01,current_balance,185427.55311111128,171267.95717473532,PrimaryCore,Servicer data is stale; panel update is newer.
LN003078,2025-02-01,current_balance,325726.49505555595,309742.904067457,PrimaryCore,Servicer data is stale; panel update is newer.
LN003082,2025-06-01,current_balance,288002.65911111044,312918.26175307814,PrimaryCore,Servicer data is stale; panel update is newer.
LN003086,2025-06-01,current_balance,231638.4726111108,212311.62171370583,PrimaryCore,Servicer data is stale; panel update is newer.
LN003088,2025-01-01,current_balance,352830.4661388894,385593.0687996977,PrimaryCore,Servicer data is stale; panel update is newer.
LN003089,2025-05-01,current_balance,243660.2166666668,248452.07101540331,PrimaryCore,Servicer data is stale; panel update is newer.
LN003090,2025-06-01,current_balance,245936.5700000001,231005.0277397983,PrimaryCore,Servicer data is stale; panel update is newer.
LN003091,2025-04-01,current_balance,364765.25186111085,396871.9148184806,PrimaryCore,Servicer data is stale; panel update is newer.
LN003101,2025-03-01,current_balance,238868.3922222221,224443.0030375253,PrimaryCore,Servicer data is stale; panel update is newer.
LN003101,2025-04-01,current_balance,238174.007361111,238487.95537978303,PrimaryCore,Servicer data is stale; panel update is newer.
LN003105,2025-02-01,current_balance,240251.41738888883,220112.1918094556,PrimaryCore,Servicer data is stale; panel update is newer.
LN003105,2025-03-01,current_balance,239546.8677777777,225062.98779289427,PrimaryCore,Servicer data is stale; panel update is newer.
LN003107,2025-03-01,current_balance,376760.3123333333,384226.16163683473,PrimaryCore,Servicer data is stale; panel update is newer.
LN003132,2025-06-01,current_balance,353268.61366666685,329001.3401185256,PrimaryCore,Servicer data is stale; panel update is newer.
LN003141,2025-02-01,current_balance,401403.8266666669,426126.9578314125,PrimaryCore,Servicer data is stale; panel update is newer.
LN003162,2025-01-01,current_balance,241513.3805555557,227345.9362698386,PrimaryCore,Servicer data is stale; panel update is newer.
LN003180,2025-03-01,current_balance,322558.6790833333,345270.9624506042,PrimaryCore,Servicer data is stale; panel update is newer.
LN003184,2025-03-01,current_balance,413872.6349999997,412435.375705673,PrimaryCore,Servicer data is stale; panel update is newer.
LN003185,2025-03-01,current_balance,114878.30255555554,104040.96394806328,PrimaryCore,Servicer data is stale; panel update is newer.
LN003193,2025-01-01,current_balance,370428.9777222219,400846.7962450524,PrimaryCore,Servicer data is stale; panel update is newer.
LN003205,2025-01-01,current_balance,174467.67975000004,166510.68947799393,PrimaryCore,Servicer data is stale; panel update is newer.
LN003220,2025-06-01,current_balance,191811.3697499997,182715.178388203,PrimaryCore,Servicer data is stale; panel update is newer.
LN003225,2025-06-01,current_balance,300862.94733333244,322265.0146158094,PrimaryCore,Servicer data is stale; panel update is newer.
LN003230,2025-06-01,current_balance,321243.8599999993,346444.2141054839,PrimaryCore,Servicer data is stale; panel update is newer.
LN003234,2025-04-01,current_balance,253527.80400000053,257031.38522751263,PrimaryCore,Servicer data is stale; panel update is newer.
LN003241,2025-01-01,current_balance,271389.75825,278461.9252930413,PrimaryCore,Servicer data is stale; panel update is newer.
LN003247,2025-03-01,current_balance,110740.6056944446,102668.07650386008,PrimaryCore,Servicer data is stale; panel update is newer.
LN003256,2025-03-01,current_balance,312752.48288888915,282810.17927068536,PrimaryCore,Servicer data is stale; panel update is newer.
LN003256,2025-04-01,current_balance,311843.3186944447,292280.4708759441,PrimaryCore,Servicer data is stale; panel update is newer.
LN003264,2025-03-01,current_balance,331226.93174999976,359611.94027462567,PrimaryCore,Servicer data is stale; panel update is newer.
LN003266,2025-01-01,current_balance,313469.945666666,293186.5729926439,PrimaryCore,Servicer data is stale; panel update is newer.
LN003266,2025-04-01,current_balance,310637.3859166659,309775.231339246,PrimaryCore,Servicer data is stale; panel update is newer.
LN003266,2025-05-01,current_balance,309693.19933333254,314887.7472574124,PrimaryCore,Servicer data is stale; panel update is newer.
LN003280,2025-03-01,current_balance,301866.9787500004,328837.61240427475,PrimaryCore,Servicer data is stale; panel update is newer.
LN003280,2025-04-01,current_balance,300992.00200000044,324755.9079751933,PrimaryCore,Servicer data is stale; panel update is newer.
LN003290,2025-06-01,current_balance,288021.4846666667,294534.16932737915,PrimaryCore,Servicer data is stale; panel update is newer.
LN003305,2025-05-01,current_balance,374563.2411111113,388683.5532974297,PrimaryCore,Servicer data is stale; panel update is newer.
LN003309,2025-01-01,current_balance,364364.6669999991,396886.821967818,PrimaryCore,Servicer data is stale; panel update is newer.
LN003310,2025-05-01,current_balance,327373.0215000005,334746.6779874089,PrimaryCore,Servicer data is stale; panel update is newer.
LN003317,2025-03-01,current_balance,405436.3149722221,367449.0666984823,PrimaryCore,Servicer data is stale; panel update is newer.
LN003338,2025-04-01,current_balance,311476.5635000005,334913.98774561315,PrimaryCore,Servicer data is stale; panel update is newer.
LN003339,2025-01-01,current_balance,254808.38944444444,244424.4524458045,PrimaryCore,Servicer data is stale; panel update is newer.
LN003347,2025-02-01,current_balance,237260.99716666667,220842.1602344142,PrimaryCore,Servicer data is stale; panel update is newer.
LN003355,2025-05-01,current_balance,451683.1895555554,454147.8090269615,PrimaryCore,Servicer data is stale; panel update is newer.
LN003360,2025-04-01,current_balance,342468.23488888866,326375.32895728294,PrimaryCore,Servicer data is stale; panel update is newer.
LN003361,2025-06-01,current_balance,326478.9255277773,311751.58654808975,PrimaryCore,Servicer data is stale; panel update is newer.
LN003405,2025-02-01,current_balance,282262.9347222221,266750.9852455199,PrimaryCore,Servicer data is stale; panel update is newer.
LN003408,2025-05-01,current_balance,206137.327,216812.44712972897,PrimaryCore,Servicer data is stale; panel update is newer.
LN003410,2025-06-01,current_balance,283189.4301666673,307083.3908197114,PrimaryCore,Servicer data is stale; panel update is newer.
LN003419,2025-04-01,current_balance,264992.42972222186,241848.01910099864,PrimaryCore,Servicer data is stale; panel update is newer.
LN003420,2025-04-01,current_balance,199746.5850000005,181333.8897644747,PrimaryCore,Servicer data is stale; panel update is newer.
LN003429,2025-03-01,current_balance,69626.81449999998,64108.09158125162,PrimaryCore,Servicer data is stale; panel update is newer.
LN003431,2025-06-01,current_balance,405903.8328888887,424775.8685272292,PrimaryCore,Servicer data is stale; panel update is newer.
LN003432,2025-05-01,current_balance,294990.98955555505,294814.1141841617,PrimaryCore,Servicer data is stale; panel update is newer.
LN003440,2025-01-01,current_balance,335503.2445000001,326418.6556174252,PrimaryCore,Servicer data is stale; panel update is newer.
LN003440,2025-02-01,current_balance,334522.2408611112,348968.43370977946,PrimaryCore,Servicer data is stale; panel update is newer.
LN003440,2025-04-01,current_balance,332560.23358333344,348901.3276357846,PrimaryCore,Servicer data is stale; panel update is newer.
LN003440,2025-06-01,current_balance,330598.22630555567,332011.2762658238,PrimaryCore,Servicer data is stale; panel update is newer.
LN003453,2025-01-01,current_balance,158567.82038888882,172811.63338591807,PrimaryCore,Servicer data is stale; panel update is newer.
LN003456,2025-02-01,current_balance,357442.65983333334,365732.8245292168,PrimaryCore,Servicer data is stale; panel update is newer.
LN003461,2025-02-01,current_balance,342661.55000000005,350826.110605769,PrimaryCore,Servicer data is stale; panel update is newer.
LN003462,2025-04-01,current_balance,249065.3538333332,231189.6169827644,PrimaryCore,Servicer data is stale; panel update is newer.
LN003464,2025-02-01,current_balance,378635.79611111153,355993.9589366848,PrimaryCore,Servicer data is stale; panel update is newer.
LN003471,2025-01-01,current_balance,245938.99688888897,256484.4973691134,PrimaryCore,Servicer data is stale; panel update is newer.
LN003472,2025-05-01,current_balance,304348.6876666666,321369.5567775348,PrimaryCore,Servicer data is stale; panel update is newer.
LN003480,2025-03-01,current_balance,231648.6715277781,251394.8712620654,PrimaryCore,Servicer data is stale; panel update is newer.
LN003485,2025-04-01,current_balance,326735.23527777777,325926.63139819546,PrimaryCore,Servicer data is stale; panel update is newer.
LN003496,2025-03-01,current_balance,265973.9446666665,254691.3538600225,PrimaryCore,Servicer data is stale; panel update is newer.
LN003501,2025-05-01,current_balance,317937.81666666624,297410.17433135613,PrimaryCore,Servicer data is stale; panel update is newer.
LN003502,2025-03-01,current_balance,299877.7963333334,273528.15235230874,PrimaryCore,Servicer data is stale; panel update is newer.
LN003514,2025-05-01,current_balance,328369.01174999983,316547.3402429738,PrimaryCore,Servicer data is stale; panel update is newer.
LN003522,2025-02-01,current_balance,212836.82525,212115.9471076381,PrimaryCore,Servicer data is stale; panel update is newer.
LN003527,2025-01-01,current_balance,256135.02625,249050.93902390185,PrimaryCore,Servicer data is stale; panel update is newer.
LN003543,2025-04-01,current_balance,79884.99822222226,80184.87054510383,PrimaryCore,Servicer data is stale; panel update is newer.
LN003543,2025-05-01,current_balance,79658.69511111116,80013.71097921206,PrimaryCore,Servicer data is stale; panel update is newer.
LN003546,2025-03-01,current_balance,140171.21625000035,137806.11251820342,PrimaryCore,Servicer data is stale; panel update is newer.
LN003550,2025-02-01,current_balance,418272.1733333332,432585.7082038103,PrimaryCore,Servicer data is stale; panel update is newer.
LN003550,2025-05-01,current_balance,414635.0239999998,391622.0779474764,PrimaryCore,Servicer data is stale; panel update is newer.
LN003558,2025-02-01,current_balance,423625.69100000046,396082.9701615597,PrimaryCore,Servicer data is stale; panel update is newer.
LN003579,2025-02-01,current_balance,243815.541277778,237466.92558476503,PrimaryCore,Servicer data is stale; panel update is newer.
LN003583,2025-03-01,current_balance,321125.12255555554,313079.1610883821,PrimaryCore,Servicer data is stale; panel update is newer.
LN003595,2025-01-01,current_balance,391396.5775000003,354195.5349156784,PrimaryCore,Servicer data is stale; panel update is newer.
LN003603,2025-01-01,current_balance,321906.85999999935,348444.49687429285,PrimaryCore,Servicer data is stale; panel update is newer.
LN003629,2025-04-01,current_balance,239205.55941666625,228752.9266852961,PrimaryCore,Servicer data is stale; panel update is newer.
LN003630,2025-03-01,current_balance,284038.8965555554,272084.3027055523,PrimaryCore,Servicer data is stale; panel update is newer.
LN003642,2025-03-01,current_balance,254005.07925,255679.15329935984,PrimaryCore,Servicer data is stale; panel update is newer.
LN003651,2025-01-01,current_balance,315577.09133333334,322302.4470368643,PrimaryCore,Servicer data is stale; panel update is newer.
LN003668,2025-02-01,current_balance,383021.2971666663,371665.5960501151,PrimaryCore,Servicer data is stale; panel update is newer.
LN003676,2025-02-01,current_balance,309516.00400000013,310676.0162892237,PrimaryCore,Servicer data is stale; panel update is newer.
LN003687,2025-01-01,current_balance,286076.7359444445,295989.3041555594,PrimaryCore,Servicer data is stale; panel update is newer.
LN003704,2025-01-01,current_balance,230527.46483333324,217268.4312271963,PrimaryCore,Servicer data is stale; panel update is newer.
LN003712,2025-05-01,current_balance,82649.19400000016,76658.17402587099,PrimaryCore,Servicer data is stale; panel update is newer.
LN003715,2025-05-01,current_balance,215161.52133333305,229840.7442396925,PrimaryCore,Servicer data is stale; panel update is newer.
LN003718,2025-04-01,current_balance,335334.17866666603,322514.99622488394,PrimaryCore,Servicer data is stale; panel update is newer.
LN003723,2025-01-01,current_balance,305308.41249999986,335749.0267755717,PrimaryCore,Servicer data is stale; panel update is newer.
LN003725,2025-06-01,current_balance,246885.9291666668,222697.93819266287,PrimaryCore,Servicer data is stale; panel update is newer.
LN003736,2025-02-01,current_balance,336240.6990833336,331158.9139583022,PrimaryCore,Servicer data is stale; panel update is newer.
LN003736,2025-05-01,current_balance,333299.81833333365,353803.8221036273,PrimaryCore,Servicer data is stale; panel update is newer.
LN003744,2025-04-01,current_balance,179992.90130555548,197180.77413802352,PrimaryCore,Servicer data is stale; panel update is newer.
LN003745,2025-06-01,current_balance,244604.97483333305,240820.9128845664,PrimaryCore,Servicer data is stale; panel update is newer.
LN003753,2025-03-01,current_balance,358120.293666666,370899.8757803034,PrimaryCore,Servicer data is stale; panel update is newer.
LN003763,2025-06-01,current_balance,48472.222222222204,45289.023114750176,PrimaryCore,Servicer data is stale; panel update is newer.
LN003768,2025-02-01,current_balance,320772.0763333333,302299.9168965346,PrimaryCore,Servicer data is stale; panel update is newer.
LN003782,2025-04-01,current_balance,416714.8577777777,390368.6375437391,PrimaryCore,Servicer data is stale; panel update is newer.
LN003790,2025-02-01,current_balance,208872.1617777778,199457.32891123908,PrimaryCore,Servicer data is stale; panel update is newer.
LN003793,2025-03-01,current_balance,405771.01372222166,404909.6439694057,PrimaryCore,Servicer data is stale; panel update is newer.
LN003802,2025-03-01,current_balance,404625.2890555557,437514.67799301294,PrimaryCore,Servicer data is stale; panel update is newer.
LN003803,2025-01-01,current_balance,365833.1715833333,350630.1355139538,PrimaryCore,Servicer data is stale; panel update is newer.
LN003803,2025-02-01,current_balance,364784.939,395071.6365971975,PrimaryCore,Servicer data is stale; panel update is newer.
LN003806,2025-03-01,current_balance,420105.8940000001,422501.36633671983,PrimaryCore,Servicer data is stale; panel update is newer.
LN003808,2025-02-01,current_balance,335965.9065555557,337009.498386106,PrimaryCore,Servicer data is stale; panel update is newer.
LN003832,2025-04-01,current_balance,385343.24966666586,379328.424748185,PrimaryCore,Servicer data is stale; panel update is newer.
LN003832,2025-05-01,current_balance,384146.5314999992,353000.4446048606,PrimaryCore,Servicer data is stale; panel update is newer.
LN003832,2025-06-01,current_balance,382949.8133333325,368372.2500351107,PrimaryCore,Servicer data is stale; panel update is newer.
LN003845,2025-01-01,current_balance,319069.7170000004,336732.4975999798,PrimaryCore,Servicer data is stale; panel update is newer.
LN003846,2025-03-01,current_balance,256715.5281666668,280190.56339342834,PrimaryCore,Servicer data is stale; panel update is newer.
LN003892,2025-02-01,current_balance,341772.0929999994,364082.9291655211,PrimaryCore,Servicer data is stale; panel update is newer.
LN003897,2025-05-01,current_balance,256878.97691666608,239882.83000740845,PrimaryCore,Servicer data is stale; panel update is newer.
LN003898,2025-05-01,current_balance,412292.2311111104,444462.90123435576,PrimaryCore,Servicer data is stale; panel update is newer.
LN003908,2025-01-01,current_balance,326437.939333333,327164.53649163834,PrimaryCore,Servicer data is stale; panel update is newer.
LN003909,2025-06-01,current_balance,255160.3196666668,246833.01904846856,PrimaryCore,Servicer data is stale; panel update is newer.
LN003911,2025-01-01,current_balance,273664.5145000001,246623.95623171728,PrimaryCore,Servicer data is stale; panel update is newer.
LN003919,2025-01-01,current_balance,374959.06349999993,411447.7165683654,PrimaryCore,Servicer data is stale; panel update is newer.
LN003948,2025-04-01,current_balance,310632.0403333334,325260.52487484086,PrimaryCore,Servicer data is stale; panel update is newer.
LN003948,2025-06-01,current_balance,308846.79872222233,278699.5639250126,PrimaryCore,Servicer data is stale; panel update is newer.
LN003965,2025-03-01,current_balance,202818.30075,199599.95312973871,PrimaryCore,Servicer data is stale; panel update is newer.
LN003967,2025-03-01,current_balance,397924.6793333334,373581.21823677,PrimaryCore,Servicer data is stale; panel update is newer.
LN003967,2025-05-01,current_balance,395637.75588888896,380429.06513313815,PrimaryCore,Servicer data is stale; panel update is newer.
LN003972,2025-01-01,current_balance,204867.62333333332,216836.69114439705,PrimaryCore,Servicer data is stale; panel update is newer.
LN003974,2025-05-01,current_balance,490448.8030555551,521266.37254369055,PrimaryCore,Servicer data is stale; panel update is newer.
LN003976,2025-02-01,current_balance,395981.5395555556,432005.5850305362,PrimaryCore,Servicer data is stale; panel update is newer.
LN003976,2025-03-01,current_balance,394856.592,380710.3598671242,PrimaryCore,Servicer data is stale; panel update is newer.
LN003978,2025-03-01,current_balance,330503.4761666665,350956.1170923592,PrimaryCore,Servicer data is stale; panel update is newer.
LN003998,2025-04-01,current_balance,228201.08533333315,209977.98785287308,PrimaryCore,Servicer data is stale; panel update is newer.
LN004005,2025-04-01,current_balance,213944.72147222213,226859.76557733747,PrimaryCore,Servicer data is stale; panel update is newer.
LN004009,2025-03-01,current_balance,454188.9244444446,472907.0223651561,PrimaryCore,Servicer data is stale; panel update is newer.
LN004011,2025-02-01,current_balance,193598.194111111,205469.12844266623,PrimaryCore,Servicer data is stale; panel update is newer.
LN004012,2025-03-01,current_balance,224405.5954444445,210854.89234568013,PrimaryCore,Servicer data is stale; panel update is newer.
LN004015,2025-05-01,current_balance,238849.567777778,233059.91335754175,PrimaryCore,Servicer data is stale; panel update is newer.
LN004028,2025-05-01,current_balance,321034.5795555554,297832.90415692684,PrimaryCore,Servicer data is stale; panel update is newer.
LN004029,2025-03-01,current_balance,388977.6893333336,391736.9504040431,PrimaryCore,Servicer data is stale; panel update is newer.
LN004030,2025-05-01,current_balance,356621.73111111065,329413.8395794584,PrimaryCore,Servicer data is stale; panel update is newer.
LN004033,2025-02-01,current_balance,255025.09025000012,276446.65250907105,PrimaryCore,Servicer data is stale; panel update is newer.
LN004040,2025-02-01,current_balance,232998.99000000028,215076.8457150308,PrimaryCore,Servicer data is stale; panel update is newer.
LN004046,2025-02-01,current_balance,47499.99999999997,51556.18658104776,PrimaryCore,Servicer data is stale; panel update is newer.
LN004048,2025-01-01,current_balance,354193.2646666671,386010.8364507194,PrimaryCore,Servicer data is stale; panel update is newer.
LN004050,2025-02-01,current_balance,139940.8508333332,151577.89961858664,PrimaryCore,Servicer data is stale; panel update is newer.
LN004050,2025-04-01,current_balance,139102.88166666654,143866.719932543,PrimaryCore,Servicer data is stale; panel update is newer.
LN004051,2025-02-01,current_balance,256429.0257222225,255467.17049997416,PrimaryCore,Servicer data is stale; panel update is newer.
LN004053,2025-05-01,current_balance,374780.8591666671,382168.0577070636,PrimaryCore,Servicer data is stale; panel update is newer.
LN004054,2025-02-01,current_balance,444160.64758333337,405918.8337458771,PrimaryCore,Servicer data is stale; panel update is newer.
LN004057,2025-01-01,current_balance,134991.9776666664,131905.18731115884,PrimaryCore,Servicer data is stale; panel update is newer.
LN004059,2025-01-01,current_balance,239153.74616666665,229202.4130437693,PrimaryCore,Servicer data is stale; panel update is newer.
LN004059,2025-03-01,current_balance,237742.8096111111,223965.3725239405,PrimaryCore,Servicer data is stale; panel update is newer.
LN004062,2025-04-01,current_balance,58180.64005555558,54601.46657740828,PrimaryCore,Servicer data is stale; panel update is newer.
LN004068,2025-03-01,current_balance,210420.0753333332,213880.95613389488,PrimaryCore,Servicer data is stale; panel update is newer.
LN004072,2025-05-01,current_balance,258150.85333333304,271774.0918295622,PrimaryCore,Servicer data is stale; panel update is newer.
LN004083,2025-03-01,current_balance,260333.8451388889,278002.7718494732,PrimaryCore,Servicer data is stale; panel update is newer.
LN004090,2025-02-01,current_balance,341507.4333333336,345178.5111462778,PrimaryCore,Servicer data is stale; panel update is newer.
LN004092,2025-03-01,current_balance,295888.2770833335,297903.5810987632,PrimaryCore,Servicer data is stale; panel update is newer.
LN004095,2025-05-01,current_balance,179555.42091666663,168905.5491005951,PrimaryCore,Servicer data is stale; panel update is newer.
LN004096,2025-01-01,current_balance,309409.41974999954,325603.10435864126,PrimaryCore,Servicer data is stale; panel update is newer.
LN004096,2025-03-01,current_balance,307551.10491666617,325062.66004019225,PrimaryCore,Servicer data is stale; panel update is newer.
LN004098,2025-02-01,current_balance,338617.7123333337,342797.6649889645,PrimaryCore,Servicer data is stale; panel update is newer.
LN004105,2025-03-01,current_balance,298373.65511111054,281414.6400313007,PrimaryCore,Servicer data is stale; panel update is newer.
LN004106,2025-01-01,current_balance,366153.33333333314,348682.88125233667,PrimaryCore,Servicer data is stale; panel update is newer.
LN004122,2025-01-01,current_balance,96586.86566666668,89540.73670019384,PrimaryCore,Servicer data is stale; panel update is newer.
LN004125,2025-05-01,current_balance,300252.0080833328,309162.1926953323,PrimaryCore,Servicer data is stale; panel update is newer.
LN004128,2025-01-01,current_balance,143105.83194444457,157092.0245997553,PrimaryCore,Servicer data is stale; panel update is newer.
LN004150,2025-04-01,current_balance,179996.3005555555,187685.9814876382,PrimaryCore,Servicer data is stale; panel update is newer.
LN004165,2025-04-01,current_balance,433594.0258333333,404519.1942719016,PrimaryCore,Servicer data is stale; panel update is newer.
LN004170,2025-05-01,current_balance,369410.6160000003,376118.0228577853,PrimaryCore,Servicer data is stale; panel update is newer.
LN004170,2025-06-01,current_balance,368330.4680000003,369520.11984893895,PrimaryCore,Servicer data is stale; panel update is newer.
LN004171,2025-01-01,current_balance,228077.6494999996,238195.73025951744,PrimaryCore,Servicer data is stale; panel update is newer.
LN004171,2025-05-01,current_balance,225287.70883333284,237389.693294668,PrimaryCore,Servicer data is stale; panel update is newer.
LN004172,2025-03-01,current_balance,416795.2163333341,428483.3811390932,PrimaryCore,Servicer data is stale; panel update is newer.
LN004178,2025-05-01,current_balance,161359.86022222208,158896.317135367,PrimaryCore,Servicer data is stale; panel update is newer.
LN004179,2025-01-01,current_balance,68606.85644444442,69666.217647671,PrimaryCore,Servicer data is stale; panel update is newer.
LN004193,2025-01-01,current_balance,371280.3032777778,364589.215376729,PrimaryCore,Servicer data is stale; panel update is newer.
LN004195,2025-05-01,current_balance,237239.9677777778,250134.16015054347,PrimaryCore,Servicer data is stale; panel update is newer.
LN004199,2025-04-01,current_balance,351664.28583333327,371541.2916141947,PrimaryCore,Servicer data is stale; panel update is newer.
LN004233,2025-06-01,current_balance,333900.6728888891,334166.25176674005,PrimaryCore,Servicer data is stale; panel update is newer.
LN004238,2025-02-01,current_balance,360543.6853333331,392884.3180678928,PrimaryCore,Servicer data is stale; panel update is newer.
LN004254,2025-01-01,current_balance,345978.25533333345,375665.97255265375,PrimaryCore,Servicer data is stale; panel update is newer.
LN004254,2025-05-01,current_balance,342001.49377777794,347597.9723250339,PrimaryCore,Servicer data is stale; panel update is newer.
LN004260,2025-01-01,current_balance,368826.58691666665,363388.2855964952,PrimaryCore,Servicer data is stale; panel update is newer.
LN004282,2025-01-01,current_balance,330589.02391666645,314884.5653957555,PrimaryCore,Servicer data is stale; panel update is newer.
LN004292,2025-05-01,current_balance,339895.1576388891,368870.9126155325,PrimaryCore,Servicer data is stale; panel update is newer.
LN004303,2025-04-01,current_balance,286504.03194444434,309946.3264343008,PrimaryCore,Servicer data is stale; panel update is newer.
LN004304,2025-04-01,current_balance,298292.98066666746,309544.9813716976,PrimaryCore,Servicer data is stale; panel update is newer.
LN004322,2025-04-01,current_balance,423333.5069444444,387427.05088692,PrimaryCore,Servicer data is stale; panel update is newer.
LN004328,2025-03-01,current_balance,423135.8994444444,394560.8840269861,PrimaryCore,Servicer data is stale; panel update is newer.
LN004345,2025-05-01,current_balance,336468.42625000014,327889.6706233389,PrimaryCore,Servicer data is stale; panel update is newer.
LN004358,2025-01-01,current_balance,274112.9447222225,257760.34444606383,PrimaryCore,Servicer data is stale; panel update is newer.
LN004358,2025-03-01,current_balance,272505.244166667,280080.4606424076,PrimaryCore,Servicer data is stale; panel update is newer.
LN004363,2025-03-01,current_balance,324347.8799999999,336376.8935868073,PrimaryCore,Servicer data is stale; panel update is newer.
LN004369,2025-05-01,current_balance,323183.7843888892,328778.5540329042,PrimaryCore,Servicer data is stale; panel update is newer.
LN004383,2025-01-01,current_balance,185807.248,172465.41727137833,PrimaryCore,Servicer data is stale; panel update is newer.
LN004401,2025-03-01,current_balance,324750.65050000005,321101.3448235349,PrimaryCore,Servicer data is stale; panel update is newer.
LN004406,2025-01-01,current_balance,221743.6366666666,238667.34349628183,PrimaryCore,Servicer data is stale; panel update is newer.
LN004421,2025-01-01,current_balance,274708.6672499994,269897.124576771,PrimaryCore,Servicer data is stale; panel update is newer.
LN004426,2025-03-01,current_balance,381387.97372222185,364419.2146358704,PrimaryCore,Servicer data is stale; panel update is newer.
LN004436,2025-05-01,current_balance,438938.40183333313,412795.4303157929,PrimaryCore,Servicer data is stale; panel update is newer.
LN004440,2025-01-01,current_balance,315073.8637222217,323725.6917041012,PrimaryCore,Servicer data is stale; panel update is newer.
LN004445,2025-01-01,current_balance,172711.79791666707,181010.7196090329,PrimaryCore,Servicer data is stale; panel update is newer.
LN004458,2025-02-01,current_balance,183440.5636388888,197153.5739328314,PrimaryCore,Servicer data is stale; panel update is newer.
LN004458,2025-03-01,current_balance,182905.75149999984,195290.1995775498,PrimaryCore,Servicer data is stale; panel update is newer.
LN004462,2025-06-01,current_balance,260858.0943888893,250222.0669356425,PrimaryCore,Servicer data is stale; panel update is newer.
LN004490,2025-04-01,current_balance,181891.99155555543,179935.95878078643,PrimaryCore,Servicer data is stale; panel update is newer.
LN004493,2025-05-01,current_balance,248019.06458333373,245952.29722791407,PrimaryCore,Servicer data is stale; panel update is newer.
LN004501,2025-03-01,current_balance,371006.2989166669,366828.9006087417,PrimaryCore,Servicer data is stale; panel update is newer.
LN004503,2025-02-01,current_balance,413131.5692777776,385805.9314625773,PrimaryCore,Servicer data is stale; panel update is newer.
LN004515,2025-01-01,current_balance,308489.09938888793,297312.058009652,PrimaryCore,Servicer data is stale; panel update is newer.
LN004524,2025-02-01,current_balance,49166.66666666666,53319.21065557794,PrimaryCore,Servicer data is stale; panel update is newer.
LN004549,2025-04-01,current_balance,336698.2514999998,342787.28237154166,PrimaryCore,Servicer data is stale; panel update is newer.
LN004549,2025-06-01,current_balance,334779.7429444442,320858.19759346417,PrimaryCore,Servicer data is stale; panel update is newer.
LN004550,2025-03-01,current_balance,253592.67083333287,275373.87141764705,PrimaryCore,Servicer data is stale; panel update is newer.
LN004551,2025-05-01,current_balance,402625.9867500002,398506.01674474974,PrimaryCore,Servicer data is stale; panel update is newer.
LN004555,2025-03-01,current_balance,47222.22222222219,47586.98811496928,PrimaryCore,Servicer data is stale; panel update is newer.
LN004559,2025-03-01,current_balance,294191.0888888887,321107.8629413098,PrimaryCore,Servicer data is stale; panel update is newer.
LN004566,2025-04-01,current_balance,383781.0954166664,384761.5274486383,PrimaryCore,Servicer data is stale; panel update is newer.
LN004569,2025-04-01,current_balance,168743.7667500001,171723.9266549823,PrimaryCore,Servicer data is stale; panel update is newer.
LN004569,2025-05-01,current_balance,168263.0152777779,173971.14716107596,PrimaryCore,Servicer data is stale; panel update is newer.
LN004571,2025-05-01,current_balance,116407.09672222206,105941.11273087232,PrimaryCore,Servicer data is stale; panel update is newer.
LN004587,2025-01-01,current_balance,355434.5408055554,373785.9826617539,PrimaryCore,Servicer data is stale; panel update is newer.
LN004592,2025-04-01,current_balance,313656.03000000067,309606.4432916756,PrimaryCore,Servicer data is stale; panel update is newer.
LN004600,2025-05-01,current_balance,285447.39344444475,282682.859316294,PrimaryCore,Servicer data is stale; panel update is newer.
LN004623,2025-03-01,current_balance,367817.8698055553,393259.15335966734,PrimaryCore,Servicer data is stale; panel update is newer.
LN004640,2025-01-01,current_balance,416211.58516666654,424154.1331485316,PrimaryCore,Servicer data is stale; panel update is newer.
LN004642,2025-03-01,current_balance,235783.54311111104,219366.553717528,PrimaryCore,Servicer data is stale; panel update is newer.
LN004661,2025-03-01,current_balance,146221.40622222226,151970.7715188499,PrimaryCore,Servicer data is stale; panel update is newer.
LN004663,2025-04-01,current_balance,350888.17108333315,318144.8958447768,PrimaryCore,Servicer data is stale; panel update is newer.
LN004667,2025-04-01,current_balance,291921.5311111106,281873.8268549789,PrimaryCore,Servicer data is stale; panel update is newer.
LN004684,2025-05-01,current_balance,102904.37666666666,92975.2082788461,PrimaryCore,Servicer data is stale; panel update is newer.
LN004685,2025-03-01,current_balance,200810.3291111113,203251.56574708232,PrimaryCore,Servicer data is stale; panel update is newer.
LN004693,2025-05-01,current_balance,271922.56833333394,252334.4663723077,PrimaryCore,Servicer data is stale; panel update is newer.
LN004701,2025-06-01,current_balance,321709.0372222225,340771.2724554416,PrimaryCore,Servicer data is stale; panel update is newer.
LN004702,2025-01-01,current_balance,448205.12083333294,451600.7931590472,PrimaryCore,Servicer data is stale; panel update is newer.
LN004702,2025-02-01,current_balance,446905.9755555552,425212.3026826212,PrimaryCore,Servicer data is stale; panel update is newer.
LN004707,2025-03-01,current_balance,290148.25433333364,264399.550986354,PrimaryCore,Servicer data is stale; panel update is newer.
LN004711,2025-05-01,current_balance,284527.9747777772,297490.9388818208,PrimaryCore,Servicer data is stale; panel update is newer.
LN004728,2025-05-01,current_balance,145957.2219999999,131905.6284595189,PrimaryCore,Servicer data is stale; panel update is newer.
LN004731,2025-03-01,current_balance,359598.80133333366,380821.8376438189,PrimaryCore,Servicer data is stale; panel update is newer.
LN004732,2025-02-01,current_balance,167243.8663888885,176264.9103026482,PrimaryCore,Servicer data is stale; panel update is newer.
LN004741,2025-01-01,current_balance,204773.3125,207395.486597903,PrimaryCore,Servicer data is stale; panel update is newer.
LN004744,2025-03-01,current_balance,137718.07750000013,139014.41232558253,PrimaryCore,Servicer data is stale; panel update is newer.
LN004762,2025-02-01,current_balance,391003.4222777778,377359.8973436868,PrimaryCore,Servicer data is stale; panel update is newer.
LN004770,2025-01-01,current_balance,209066.40447222223,225071.9224637368,PrimaryCore,Servicer data is stale; panel update is newer.
LN004776,2025-02-01,current_balance,306379.54027777736,321523.72088199446,PrimaryCore,Servicer data is stale; panel update is newer.
LN004783,2025-01-01,current_balance,106011.71525000002,101626.10604791602,PrimaryCore,Servicer data is stale; panel update is newer.
LN004802,2025-01-01,current_balance,401244.7902222222,413576.6730746634,PrimaryCore,Servicer data is stale; panel update is newer.
LN004803,2025-02-01,current_balance,302656.7973333335,286112.4600269015,PrimaryCore,Servicer data is stale; panel update is newer.
LN004809,2025-05-01,current_balance,301803.31999999966,289494.3495435115,PrimaryCore,Servicer data is stale; panel update is newer.
LN004810,2025-02-01,current_balance,134894.99694444446,134140.25879149482,PrimaryCore,Servicer data is stale; panel update is newer.
LN004820,2025-02-01,current_balance,275934.8964166663,262519.2466225482,PrimaryCore,Servicer data is stale; panel update is newer.
LN004821,2025-03-01,current_balance,505154.3713333335,537515.9407721112,PrimaryCore,Servicer data is stale; panel update is newer.
LN004821,2025-06-01,current_balance,500683.9786666668,511428.1699133971,PrimaryCore,Servicer data is stale; panel update is newer.
LN004826,2025-06-01,current_balance,304166.9615833336,306709.15449740004,PrimaryCore,Servicer data is stale; panel update is newer.
LN004833,2025-06-01,current_balance,356090.10966666695,344604.8215129794,PrimaryCore,Servicer data is stale; panel update is newer.
LN004834,2025-01-01,current_balance,296479.2854166668,280689.2953827248,PrimaryCore,Servicer data is stale; panel update is newer.
LN004848,2025-04-01,current_balance,206476.11399999983,210258.77782666756,PrimaryCore,Servicer data is stale; panel update is newer.
LN004859,2025-06-01,current_balance,422931.3456666668,435199.5947464095,PrimaryCore,Servicer data is stale; panel update is newer.
LN004860,2025-04-01,current_balance,282240.5273888885,301105.2677163524,PrimaryCore,Servicer data is stale; panel update is newer.
LN004863,2025-01-01,current_balance,198663.96416666656,199226.70945864325,PrimaryCore,Servicer data is stale; panel update is newer.
LN004865,2025-04-01,current_balance,222592.9230000001,229555.8569306695,PrimaryCore,Servicer data is stale; panel update is newer.
LN004871,2025-05-01,current_balance,169189.69130555555,159226.7637650934,PrimaryCore,Servicer data is stale; panel update is newer.
LN004875,2025-05-01,current_balance,355086.9595555556,390273.7361997819,PrimaryCore,Servicer data is stale; panel update is newer.
LN004882,2025-04-01,current_balance,135717.4963333334,129047.44593827172,PrimaryCore,Servicer data is stale; panel update is newer.
LN004883,2025-05-01,current_balance,202503.7399722219,185010.5310531541,PrimaryCore,Servicer data is stale; panel update is newer.
LN004894,2025-04-01,current_balance,291774.9814444445,269932.4170309742,PrimaryCore,Servicer data is stale; panel update is newer.
LN004902,2025-05-01,current_balance,392430.5439999998,374238.89026359614,PrimaryCore,Servicer data is stale; panel update is newer.
LN004917,2025-03-01,current_balance,319136.4865555554,327466.0045519729,PrimaryCore,Servicer data is stale; panel update is newer.
LN004919,2025-05-01,current_balance,374226.5675555555,397956.9420013401,PrimaryCore,Servicer data is stale; panel update is newer.
LN004926,2025-03-01,current_balance,188653.827361111,206053.7831289748,PrimaryCore,Servicer data is stale; panel update is newer.
LN004953,2025-06-01,current_balance,162745.10933333356,156818.2314050216,PrimaryCore,Servicer data is stale; panel update is newer.
LN004964,2025-01-01,current_balance,295520.17638888874,271970.23386458185,PrimaryCore,Servicer data is stale; panel update is newer.
LN004965,2025-02-01,current_balance,325810.9858333332,331466.1264860778,PrimaryCore,Servicer data is stale; panel update is newer.
LN004986,2025-05-01,current_balance,181367.9816666667,175725.8494646121,PrimaryCore,Servicer data is stale; panel update is newer.
LN004989,2025-04-01,current_balance,111267.534,121144.78580905152,PrimaryCore,Servicer data is stale; panel update is newer.
LN004997,2025-03-01,current_balance,175338.89475,182919.7259408268,PrimaryCore,Servicer data is stale; panel update is newer.
LN004998,2025-05-01,current_balance,239564.80249999973,236062.16518670568,PrimaryCore,Servicer data is stale; panel update is newer.
