loan_id,reporting_month,current_balance,current_status,last_updated_at,source_system
LN003965,2025-03-01,199599.95312973871,Current,2025-03-11,ServicerSecondary
LN003266,2025-01-01,293186.5729926439,Current,2025-01-11,ServicerSecondary
LN001410,2025-04-01,268841.0341487913,Current,2025-04-11,ServicerSecondary
LN001121,2025-04-01,265578.14620292146,Current,2025-04-11,ServicerSecondary
LN004199,2025-04-01,371541.2916141947,Current,2025-04-11,ServicerSecondary
LN004833,2025-06-01,344604.8215129794,Current,2025-06-11,ServicerSecondary
LN002657,2025-02-01,192236.89737541546,Current,2025-02-11,ServicerSecondary
LN003078,2025-02-01,309742.904067457,Current,2025-02-11,ServicerSecondary
LN000740,2025-01-01,242007.80037873815,Current,2025-01-11,ServicerSecondary
LN004015,2025-05-01,233059.91335754178,Current,2025-05-11,ServicerSecondary
LN004702,2025-02-01,425212.30268262123,60 DPD,2025-02-11,ServicerSecondary
LN001901,2025-02-01,106993.20116972757,Current,2025-02-11,ServicerSecondary
LN002936,2025-03-01,314207.60023272596,Current,2025-03-11,ServicerSecondary
LN001103,2025-04-01,316284.50974856486,Current,2025-04-11,ServicerSecondary
LN002985,2025-03-01,183026.31037918912,Current,2025-03-11,ServicerSecondary
LN003339,2025-01-01,244424.45244580452,Current,2025-01-11,ServicerSecondary
LN000769,2025-06-01,402184.40079700726,Current,2025-06-11,ServicerSecondary
LN000312,2025-05-01,50758.98054421581,Current,2025-05-11,ServicerSecondary
LN000271,2025-02-01,222366.12980517372,Current,2025-02-11,ServicerSecondary
LN002697,2025-01-01,261377.70492879694,Current,2025-01-11,ServicerSecondary
LN000976,2025-04-01,319123.9879788178,Current,2025-04-11,ServicerSecondary
LN004345,2025-05-01,327889.6706233389,Current,2025-05-11,ServicerSecondary
LN003005,2025-03-01,338835.6780116725,Current,2025-03-11,ServicerSecondary
LN000164,2025-05-01,267909.96741358977,Current,2025-05-11,ServicerSecondary
LN003234,2025-04-01,257031.38522751263,Current,2025-04-11,ServicerSecondary
LN001148,2025-04-01,329595.38912219804,Current,2025-04-11,ServicerSecondary
LN001061,2025-06-01,239530.192541403,Current,2025-06-11,ServicerSecondary
LN001652,2025-01-01,95691.0406524824,Current,2025-01-11,ServicerSecondary
LN000124,2025-03-01,189985.91348168737,Current,2025-03-11,ServicerSecondary
LN001754,2025-02-01,359180.0132960246,Current,2025-02-11,ServicerSecondary
LN003067,2025-01-01,288247.71512436104,Current,2025-01-11,ServicerSecondary
LN003704,2025-01-01,217268.4312271963,Current,2025-01-11,ServicerSecondary
LN002083,2025-06-01,374863.0254158595,Current,2025-06-11,ServicerSecondary
LN003101,2025-04-01,238487.95537978303,Current,2025-04-11,ServicerSecondary
LN002650,2025-02-01,302227.918446074,Current,2025-02-11,ServicerSecondary
LN001932,2025-01-01,297619.11390094424,Current,2025-01-11,ServicerSecondary
LN000757,2025-04-01,213283.8964752797,Current,2025-04-11,ServicerSecondary
LN002045,2025-02-01,251891.11483049253,Current,2025-02-11,ServicerSecondary
LN002392,2025-06-01,348216.6107643919,Current,2025-06-11,ServicerSecondary
LN002885,2025-04-01,309433.4217346625,Current,2025-04-11,ServicerSecondary
LN002846,2025-02-01,296848.1399904819,Current,2025-02-11,ServicerSecondary
LN000281,2025-02-01,286827.665859055,Current,2025-02-11,ServicerSecondary
LN003629,2025-04-01,228752.9266852961,Current,2025-04-11,ServicerSecondary
LN004358,2025-01-01,257760.34444606383,Current,2025-01-11,ServicerSecondary
LN000541,2025-02-01,419842.3127085162,Current,2025-02-11,ServicerSecondary
LN002366,2025-06-01,330568.3094599253,Current,2025-06-11,ServicerSecondary
LN003355,2025-05-01,454147.80902696145,Current,2025-05-11,ServicerSecondary
LN003514,2025-05-01,316547.3402429738,Current,2025-05-11,ServicerSecondary
LN002385,2025-04-01,257731.09216710157,Current,2025-04-11,ServicerSecondary
LN001895,2025-05-01,231047.99161574437,Current,2025-05-11,ServicerSecondary
LN002461,2025-05-01,332143.7089801212,Current,2025-05-11,ServicerSecondary
LN004401,2025-03-01,321101.3448235349,Current,2025-03-11,ServicerSecondary
LN003089,2025-05-01,248452.07101540334,Current,2025-05-11,ServicerSecondary
LN000890,2025-04-01,162453.54559168062,30 DPD,2025-04-11,ServicerSecondary
LN004551,2025-05-01,398506.01674474974,Current,2025-05-11,ServicerSecondary
LN002294,2025-06-01,182350.72736999474,Current,2025-06-11,ServicerSecondary
LN000511,2025-02-01,240133.79985146353,Current,2025-02-11,ServicerSecondary
LN003793,2025-03-01,404909.6439694057,Current,2025-03-11,ServicerSecondary
LN004260,2025-01-01,363388.28559649515,Current,2025-01-11,ServicerSecondary
LN002864,2025-01-01,400833.33560173307,Current,2025-01-11,ServicerSecondary
LN004559,2025-03-01,321107.8629413098,Current,2025-03-11,ServicerSecondary
LN004926,2025-03-01,206053.78312897478,Current,2025-03-11,ServicerSecondary
LN000052,2025-06-01,401602.0824217015,Current,2025-06-11,ServicerSecondary
LN004254,2025-01-01,375665.97255265375,Current,2025-01-11,ServicerSecondary
LN001148,2025-06-01,331471.1092553876,Current,2025-06-11,ServicerSecondary
LN001760,2025-03-01,458151.723232904,Current,2025-03-11,ServicerSecondary
LN003023,2025-02-01,287118.7578399597,Current,2025-02-11,ServicerSecondary
LN003256,2025-03-01,282810.17927068536,Current,2025-03-11,ServicerSecondary
LN002698,2025-02-01,552498.426815472,Current,2025-02-11,ServicerSecondary
LN004322,2025-04-01,387427.05088692,Current,2025-04-11,ServicerSecondary
LN001737,2025-05-01,379466.0138006624,Current,2025-05-11,ServicerSecondary
LN001224,2025-05-01,235410.82613919745,Current,2025-05-11,ServicerSecondary
LN002671,2025-03-01,207725.44599209516,Current,2025-03-11,ServicerSecondary
LN001440,2025-06-01,180900.60809144395,Current,2025-06-11,ServicerSecondary
LN004493,2025-05-01,245952.29722791412,Current,2025-05-11,ServicerSecondary
LN001585,2025-01-01,229670.99132447835,Current,2025-01-11,ServicerSecondary
LN000882,2025-02-01,312569.4373700902,Current,2025-02-11,ServicerSecondary
LN003310,2025-05-01,334746.6779874089,Current,2025-05-11,ServicerSecondary
LN003132,2025-06-01,329001.3401185256,Current,2025-06-11,ServicerSecondary
LN001166,2025-03-01,302354.6751982439,Current,2025-03-11,ServicerSecondary
LN004030,2025-05-01,329413.8395794584,Current,2025-05-11,ServicerSecondary
LN001056,2025-06-01,344317.65605661407,30 DPD,2025-06-11,ServicerSecondary
LN003616,2025-01-01,0.0,Prepaid,2025-01-11,ServicerSecondary
LN001282,2025-01-01,249424.99782936086,Current,2025-01-11,ServicerSecondary
LN001496,2025-04-01,200785.82208509484,Current,2025-04-11,ServicerSecondary
LN004667,2025-04-01,281873.8268549789,Current,2025-04-11,ServicerSecondary
LN002597,2025-06-01,242508.13182436468,Current,2025-06-11,ServicerSecondary
LN004810,2025-02-01,134140.25879149482,Current,2025-02-11,ServicerSecondary
LN004566,2025-04-01,384761.5274486383,Current,2025-04-11,ServicerSecondary
LN001051,2025-04-01,338625.8647347707,Current,2025-04-11,ServicerSecondary
LN002355,2025-04-01,175439.7887761408,Current,2025-04-11,ServicerSecondary
LN003998,2025-04-01,209977.98785287308,Current,2025-04-11,ServicerSecondary
LN002142,2025-04-01,392768.22210279916,90+ DPD,2025-04-11,ServicerSecondary
LN003001,2025-01-01,292200.7050699783,Current,2025-01-11,ServicerSecondary
LN004238,2025-02-01,392884.31806789275,Current,2025-02-11,ServicerSecondary
LN000035,2025-04-01,0.0,Prepaid,2025-04-11,ServicerSecondary
LN001737,2025-06-01,375914.86319799593,Current,2025-06-11,ServicerSecondary
LN004179,2025-01-01,69666.217647671,Current,2025-01-11,ServicerSecondary
LN002484,2025-04-01,285340.8716228897,Current,2025-04-11,ServicerSecondary
LN003725,2025-06-01,222697.93819266287,Current,2025-06-11,ServicerSecondary
LN001460,2025-01-01,379062.3180380809,Current,2025-01-11,ServicerSecondary
LN002671,2025-04-01,192805.26375453657,Current,2025-04-11,ServicerSecondary
LN004462,2025-06-01,250222.06693564254,Current,2025-06-11,ServicerSecondary
LN003280,2025-03-01,328837.61240427475,Current,2025-03-11,ServicerSecondary
LN002272,2025-01-01,120288.55990757924,Current,2025-01-11,ServicerSecondary
LN002264,2025-02-01,244913.74376385118,60 DPD,2025-02-11,ServicerSecondary
LN003140,2025-01-01,0.0,Prepaid,2025-01-11,ServicerSecondary
LN001027,2025-02-01,0.0,Prepaid,2025-02-11,ServicerSecondary
LN001789,2025-01-01,262269.21886091586,Current,2025-01-11,ServicerSecondary
LN001252,2025-04-01,104522.47845909995,Current,2025-04-11,ServicerSecondary
LN004571,2025-05-01,105941.11273087231,Current,2025-05-11,ServicerSecondary
LN004865,2025-04-01,229555.8569306695,Current,2025-04-11,ServicerSecondary
LN002493,2025-06-01,248361.20906084214,Current,2025-06-11,ServicerSecondary
LN002804,2025-01-01,131322.59511230804,Current,2025-01-11,ServicerSecondary
LN004195,2025-05-01,250134.16015054347,Current,2025-05-11,ServicerSecondary
LN003440,2025-01-01,326418.6556174252,Current,2025-01-11,ServicerSecondary
LN002345,2025-06-01,349690.8306632028,Current,2025-06-11,ServicerSecondary
LN000794,2025-01-01,478417.4051347622,Current,2025-01-11,ServicerSecondary
LN000851,2025-05-01,398201.2016600453,Current,2025-05-11,ServicerSecondary
LN003581,2025-01-01,0.0,Prepaid,2025-01-11,ServicerSecondary
LN002077,2025-01-01,413972.81833864434,Current,2025-01-11,ServicerSecondary
LN001849,2025-03-01,289005.5019841765,Current,2025-03-11,ServicerSecondary
LN003086,2025-06-01,212311.62171370586,Current,2025-06-11,ServicerSecondary
LN003978,2025-03-01,350956.1170923592,Current,2025-03-11,ServicerSecondary
LN004106,2025-01-01,348682.88125233667,Current,2025-01-11,ServicerSecondary
LN004549,2025-04-01,342787.28237154166,Current,2025-04-11,ServicerSecondary
LN004040,2025-02-01,215076.8457150308,Current,2025-02-11,ServicerSecondary
LN001935,2025-02-01,314389.1121029232,Current,2025-02-11,ServicerSecondary
LN003802,2025-03-01,437514.67799301294,Current,2025-03-11,ServicerSecondary
LN003501,2025-05-01,297410.17433135613,Current,2025-05-11,ServicerSecondary
LN004920,2025-06-01,0.0,Prepaid,2025-06-11,ServicerSecondary
LN004592,2025-04-01,309606.4432916756,Current,2025-04-11,ServicerSecondary
LN001706,2025-04-01,271001.5975520536,Current,2025-04-11,ServicerSecondary
LN001928,2025-06-01,282679.4238499569,Current,2025-06-11,ServicerSecondary
LN003806,2025-03-01,422501.36633671983,Current,2025-03-11,ServicerSecondary
LN004004,2025-03-01,0.0,Prepaid,2025-03-11,ServicerSecondary
LN003091,2025-04-01,396871.9148184806,Current,2025-04-11,ServicerSecondary
LN002547,2025-01-01,361227.9745283956,Current,2025-01-11,ServicerSecondary
LN004965,2025-02-01,331466.1264860778,Current,2025-02-11,ServicerSecondary
LN000516,2025-02-01,176498.47814814822,Current,2025-02-11,ServicerSecondary
LN003909,2025-06-01,246833.01904846856,Current,2025-06-11,ServicerSecondary
LN003180,2025-03-01,345270.9624506042,Current,2025-03-11,ServicerSecondary
LN001952,2025-06-01,309527.0113330155,Current,2025-06-11,ServicerSecondary
LN004919,2025-05-01,397956.9420013401,Current,2025-05-11,ServicerSecondary
LN000282,2025-01-01,398954.0951713865,Current,2025-01-11,ServicerSecondary
LN003420,2025-04-01,181333.8897644747,Current,2025-04-11,ServicerSecondary
LN004989,2025-04-01,121144.78580905152,Current,2025-04-11,ServicerSecondary
LN004440,2025-01-01,323725.6917041012,Current,2025-01-11,ServicerSecondary
LN002087,2025-02-01,219781.85466288123,Current,2025-02-11,ServicerSecondary
LN003360,2025-04-01,326375.32895728294,Current,2025-04-11,ServicerSecondary
LN000366,2025-02-01,312730.47840549867,Current,2025-02-11,ServicerSecondary
LN004009,2025-03-01,472907.0223651561,Current,2025-03-11,ServicerSecondary
LN003676,2025-02-01,310676.0162892237,Current,2025-02-11,ServicerSecondary
LN004953,2025-06-01,156818.2314050216,Current,2025-06-11,ServicerSecondary
LN001187,2025-04-01,213972.13255932854,Current,2025-04-11,ServicerSecondary
LN002347,2025-06-01,412048.5412345939,Current,2025-06-11,ServicerSecondary
LN002741,2025-04-01,403376.2299858875,Current,2025-04-11,ServicerSecondary
LN003790,2025-02-01,199457.32891123908,Current,2025-02-11,ServicerSecondary
LN000710,2025-05-01,367890.4912347061,Current,2025-05-11,ServicerSecondary
LN004803,2025-02-01,286112.4600269015,Current,2025-02-11,ServicerSecondary
LN003141,2025-02-01,426126.95783141244,Current,2025-02-11,ServicerSecondary
LN002396,2025-04-01,0.0,Prepaid,2025-04-11,ServicerSecondary
LN004587,2025-01-01,373785.9826617539,Current,2025-01-11,ServicerSecondary
LN001301,2025-04-01,395142.0031235163,60 DPD,2025-04-11,ServicerSecondary
LN001528,2025-02-01,379736.1973945092,Current,2025-02-11,ServicerSecondary
LN003038,2025-01-01,315814.69585777406,Current,2025-01-11,ServicerSecondary
LN004062,2025-04-01,54601.46657740828,Current,2025-04-11,ServicerSecondary
LN003967,2025-03-01,373581.21823676996,Current,2025-03-11,ServicerSecondary
LN000826,2025-06-01,559309.2719159783,Current,2025-06-11,ServicerSecondary
LN003088,2025-01-01,385593.0687996977,Current,2025-01-11,ServicerSecondary
LN003230,2025-06-01,346444.2141054839,Current,2025-06-11,ServicerSecondary
LN000278,2025-04-01,265968.8394581007,Current,2025-04-11,ServicerSecondary
LN001075,2025-02-01,331415.05994171614,90+ DPD,2025-02-11,ServicerSecondary
LN000029,2025-03-01,110612.89997415802,Current,2025-03-11,ServicerSecondary
LN003583,2025-03-01,313079.1610883821,Current,2025-03-11,ServicerSecondary
LN000922,2025-05-01,352652.3668320727,Current,2025-05-11,ServicerSecondary
LN003105,2025-02-01,220112.1918094556,Current,2025-02-11,ServicerSecondary
LN002270,2025-01-01,115794.75478054924,Current,2025-01-11,ServicerSecondary
LN000558,2025-04-01,270916.68679216295,Current,2025-04-11,ServicerSecondary
LN003480,2025-05-01,0.0,Prepaid,2025-05-11,ServicerSecondary
LN004059,2025-01-01,229202.4130437693,Current,2025-01-11,ServicerSecondary
LN000562,2025-04-01,190950.4026878331,Current,2025-04-11,ServicerSecondary
LN000278,2025-02-01,260147.27681670478,Current,2025-02-11,ServicerSecondary
LN003527,2025-01-01,249050.93902390182,Current,2025-01-11,ServicerSecondary
LN000909,2025-02-01,291059.2735140822,Current,2025-02-11,ServicerSecondary
LN004328,2025-03-01,394560.88402698614,Current,2025-03-11,ServicerSecondary
LN000402,2025-04-01,295826.7702675202,Current,2025-04-11,ServicerSecondary
LN004569,2025-04-01,171723.9266549823,Current,2025-04-11,ServicerSecondary
LN002110,2025-05-01,305139.35250933166,Current,2025-05-11,ServicerSecondary
LN001151,2025-06-01,327556.97417495155,Current,2025-06-11,ServicerSecondary
LN002397,2025-01-01,224101.13167311312,Current,2025-01-11,ServicerSecondary
LN003205,2025-01-01,166510.68947799393,Current,2025-01-11,ServicerSecondary
LN004028,2025-05-01,297832.90415692684,Current,2025-05-11,ServicerSecondary
LN004054,2025-05-01,0.0,Prepaid,2025-05-11,ServicerSecondary
LN004050,2025-04-01,143866.719932543,Current,2025-04-11,ServicerSecondary
LN003543,2025-04-01,80184.87054510383,Current,2025-04-11,ServicerSecondary
LN000741,2025-06-01,421420.09965163755,Current,2025-06-11,ServicerSecondary
LN003651,2025-01-01,322302.4470368643,Current,2025-01-11,ServicerSecondary
LN002934,2025-02-01,203831.25116764137,Current,2025-02-11,ServicerSecondary
LN004105,2025-03-01,281414.6400313007,Current,2025-03-11,ServicerSecondary
LN002720,2025-04-01,0.0,Prepaid,2025-04-11,ServicerSecondary
LN000255,2025-02-01,349623.5472764893,Current,2025-02-11,ServicerSecondary
LN000560,2025-02-01,432193.09455265733,Current,2025-02-11,ServicerSecondary
LN000892,2025-02-01,384422.48392823647,Current,2025-02-11,ServicerSecondary
LN000156,2025-06-01,313349.68148098886,Current,2025-06-11,ServicerSecondary
LN001925,2025-04-01,239607.1195548655,Current,2025-04-11,ServicerSecondary
LN001847,2025-02-01,336663.31015655753,Current,2025-02-11,ServicerSecondary
LN003266,2025-05-01,314887.7472574124,Current,2025-05-11,ServicerSecondary
LN003256,2025-04-01,292280.4708759441,Current,2025-04-11,ServicerSecondary
LN002238,2025-03-01,299485.0548404294,Current,2025-03-11,ServicerSecondary
LN003668,2025-02-01,371665.59605011507,Current,2025-02-11,ServicerSecondary
LN000035,2025-01-01,434613.2219441913,30 DPD,2025-01-11,ServicerSecondary
LN004741,2025-01-01,207395.486597903,Current,2025-01-11,ServicerSecondary
LN004072,2025-05-01,271774.0918295622,30 DPD,2025-05-11,ServicerSecondary
LN002849,2025-03-01,234814.8618178828,Current,2025-03-11,ServicerSecondary
LN001307,2025-03-01,292952.6101245707,30 DPD,2025-03-11,ServicerSecondary
LN002355,2025-02-01,172333.78599233102,Current,2025-02-11,ServicerSecondary
LN003225,2025-06-01,322265.0146158094,Current,2025-06-11,ServicerSecondary
LN002958,2025-01-01,298254.2865345916,Current,2025-01-11,ServicerSecondary
LN003595,2025-01-01,354195.5349156784,Current,2025-01-11,ServicerSecondary
LN001334,2025-01-01,285811.00641387433,Current,2025-01-11,ServicerSecondary
LN004068,2025-03-01,213880.95613389486,Current,2025-03-11,ServicerSecondary
LN002938,2025-05-01,278102.0399677244,Current,2025-05-11,ServicerSecondary
LN002422,2025-06-01,143308.58520046982,Current,2025-06-11,ServicerSecondary
LN001539,2025-04-01,269491.0968005728,30 DPD,2025-04-11,ServicerSecondary
LN002597,2025-03-01,276022.7287629574,Current,2025-03-11,ServicerSecondary
LN003550,2025-02-01,432585.70820381027,Current,2025-02-11,ServicerSecondary
LN001663,2025-06-01,419421.4400945677,Current,2025-06-11,ServicerSecondary
LN000668,2025-05-01,212392.2909321094,Current,2025-05-11,ServicerSecondary
LN002619,2025-04-01,249584.9986072514,Current,2025-04-11,ServicerSecondary
LN001581,2025-01-01,244207.84677313105,Current,2025-01-11,ServicerSecondary
LN002541,2025-03-01,190264.29523840154,Current,2025-03-11,ServicerSecondary
LN001095,2025-04-01,508670.8122652788,60 DPD,2025-04-11,ServicerSecondary
LN001679,2025-01-01,300524.98671732756,Current,2025-01-11,ServicerSecondary
LN001372,2025-02-01,56199.011183726296,Current,2025-02-11,ServicerSecondary
LN002996,2025-06-01,0.0,Prepaid,2025-06-11,ServicerSecondary
LN004859,2025-06-01,435199.5947464095,Current,2025-06-11,ServicerSecondary
LN001410,2025-05-01,248326.78106475464,30 DPD,2025-05-11,ServicerSecondary
LN003107,2025-03-01,384226.16163683473,Current,2025-03-11,ServicerSecondary
LN004046,2025-02-01,51556.186581047754,Current,2025-02-11,ServicerSecondary
LN002242,2025-06-01,270232.51278812817,Current,2025-06-11,ServicerSecondary
LN000117,2025-03-01,250276.24902507162,60 DPD,2025-03-11,ServicerSecondary
LN001713,2025-03-01,169739.48380665266,Current,2025-03-11,ServicerSecondary
LN001306,2025-03-01,300531.77314674517,Current,2025-03-11,ServicerSecondary
LN001558,2025-01-01,319902.4504669577,Current,2025-01-11,ServicerSecondary
LN000017,2025-04-01,127488.71626903722,Current,2025-04-11,ServicerSecondary
LN004998,2025-05-01,236062.16518670568,Current,2025-05-11,ServicerSecondary
LN000082,2025-04-01,440165.9878226438,Current,2025-04-11,ServicerSecondary
LN004426,2025-03-01,364419.21463587036,Current,2025-03-11,ServicerSecondary
LN002697,2025-04-01,244935.21586136552,Current,2025-04-11,ServicerSecondary
LN002750,2025-05-01,134200.41177853988,Current,2025-05-11,ServicerSecondary
LN000734,2025-04-01,293975.15135459515,Current,2025-04-11,ServicerSecondary
LN001067,2025-04-01,137381.56430072957,Current,2025-04-11,ServicerSecondary
LN001675,2025-03-01,259057.8625008894,Current,2025-03-11,ServicerSecondary
LN004776,2025-02-01,321523.72088199446,Current,2025-02-11,ServicerSecondary
LN004122,2025-01-01,89540.73670019384,Current,2025-01-11,ServicerSecondary
LN000108,2025-05-01,222203.90401156494,Current,2025-05-11,ServicerSecondary
LN001310,2025-06-01,215472.3264722497,Current,2025-06-11,ServicerSecondary
LN003290,2025-06-01,294534.16932737915,Current,2025-06-11,ServicerSecondary
LN004458,2025-03-01,195290.1995775498,Current,2025-03-11,ServicerSecondary
LN003522,2025-02-01,212115.94710763806,Current,2025-02-11,ServicerSecondary
LN001229,2025-06-01,215254.82172038066,Current,2025-06-11,ServicerSecondary
LN004501,2025-03-01,366828.9006087417,Current,2025-03-11,ServicerSecondary
LN003715,2025-05-01,229840.7442396925,Current,2025-05-11,ServicerSecondary
LN003471,2025-01-01,256484.4973691134,Current,2025-01-11,ServicerSecondary
LN001966,2025-04-01,475956.0022320744,Current,2025-04-11,ServicerSecondary
LN002247,2025-02-01,298678.1873524714,Current,2025-02-11,ServicerSecondary
LN004860,2025-04-01,301105.2677163524,Current,2025-04-11,ServicerSecondary
LN004642,2025-03-01,219366.553717528,Current,2025-03-11,ServicerSecondary
LN002525,2025-01-01,298313.7838268394,Current,2025-01-11,ServicerSecondary
LN004011,2025-02-01,205469.12844266626,Current,2025-02-11,ServicerSecondary
LN002981,2025-06-01,0.0,Default,2025-06-11,ServicerSecondary
LN000307,2025-04-01,375922.4398334915,Current,2025-04-11,ServicerSecondary
LN003082,2025-06-01,312918.26175307814,Current,2025-06-11,ServicerSecondary
LN003027,2025-01-01,378850.8936570877,Current,2025-01-11,ServicerSecondary
LN004128,2025-01-01,157092.0245997553,Current,2025-01-11,ServicerSecondary
LN000463,2025-04-01,204712.54675142982,Current,2025-04-11,ServicerSecondary
LN003317,2025-03-01,367449.0666984823,Current,2025-03-11,ServicerSecondary
LN001381,2025-06-01,400505.83297837176,Current,2025-06-11,ServicerSecondary
LN004821,2025-03-01,537515.9407721112,Current,2025-03-11,ServicerSecondary
LN004358,2025-03-01,280080.4606424076,Current,2025-03-11,ServicerSecondary
LN003101,2025-03-01,224443.0030375253,Current,2025-03-11,ServicerSecondary
LN003948,2025-06-01,278699.5639250126,Current,2025-06-11,ServicerSecondary
LN003220,2025-06-01,182715.178388203,Current,2025-06-11,ServicerSecondary
LN003712,2025-05-01,76658.17402587099,Current,2025-05-11,ServicerSecondary
LN003338,2025-04-01,334913.98774561315,Current,2025-04-11,ServicerSecondary
LN004770,2025-01-01,225071.9224637368,Current,2025-01-11,ServicerSecondary
LN001492,2025-04-01,267024.16433192056,Current,2025-04-11,ServicerSecondary
LN003832,2025-05-01,353000.4446048606,Current,2025-05-11,ServicerSecondary
LN001861,2025-03-01,233141.56701906282,Current,2025-03-11,ServicerSecondary
LN003247,2025-03-01,102668.07650386008,Current,2025-03-11,ServicerSecondary
LN001580,2025-02-01,367975.21445171314,Current,2025-02-11,ServicerSecondary
LN002382,2025-02-01,265950.7132963927,60 DPD,2025-02-11,ServicerSecondary
LN001271,2025-06-01,223087.61078857223,Current,2025-06-11,ServicerSecondary
LN003718,2025-05-01,0.0,Default,2025-05-11,ServicerSecondary
LN001117,2025-02-01,183330.55459474566,Current,2025-02-11,ServicerSecondary
LN003007,2025-02-01,337635.9454354341,Current,2025-02-11,ServicerSecondary
LN002659,2025-05-01,196049.78796547637,Current,2025-05-11,ServicerSecondary
LN002993,2025-03-01,134022.1814013853,Current,2025-03-11,ServicerSecondary
LN002541,2025-06-01,190966.23356327927,Current,2025-06-11,ServicerSecondary
LN004917,2025-03-01,327466.0045519729,Current,2025-03-11,ServicerSecondary
LN003603,2025-01-01,348444.49687429285,Current,2025-01-11,ServicerSecondary
LN002654,2025-01-01,160978.61460781295,Current,2025-01-11,ServicerSecondary
LN000260,2025-06-01,178681.36864055568,Current,2025-06-11,ServicerSecondary
LN001187,2025-02-01,209543.03721810135,Current,2025-02-11,ServicerSecondary
LN000272,2025-04-01,346899.1370642326,Current,2025-04-11,ServicerSecondary
LN000941,2025-05-01,364294.50726631883,Current,2025-05-11,ServicerSecondary
LN001266,2025-03-01,180251.02015401426,Current,2025-03-11,ServicerSecondary
LN003184,2025-03-01,412435.375705673,Current,2025-03-11,ServicerSecondary
LN004363,2025-03-01,336376.8935868073,Current,2025-03-11,ServicerSecondary
LN004640,2025-01-01,424154.1331485316,Current,2025-01-11,ServicerSecondary
LN002735,2025-01-01,194101.08898932402,Current,2025-01-11,ServicerSecondary
LN002384,2025-06-01,83966.37038404468,Current,2025-06-11,ServicerSecondary
LN001069,2025-04-01,235244.62903584796,Current,2025-04-11,ServicerSecondary
LN002038,2025-02-01,526149.7453848172,Current,2025-02-11,ServicerSecondary
LN001743,2025-01-01,405467.428651836,Current,2025-01-11,ServicerSecondary
LN000118,2025-05-01,194508.05058866215,Current,2025-05-11,ServicerSecondary
LN001315,2025-02-01,347814.90087774105,Current,2025-02-11,ServicerSecondary
LN003105,2025-03-01,225062.98779289427,Current,2025-03-11,ServicerSecondary
LN000454,2025-05-01,212289.84862954027,Current,2025-05-11,ServicerSecondary
LN002510,2025-01-01,185513.7346074239,Current,2025-01-11,ServicerSecondary
LN001662,2025-03-01,268718.597310361,Current,2025-03-11,ServicerSecondary
LN002148,2025-06-01,406745.6461606477,Current,2025-06-11,ServicerSecondary
LN004744,2025-03-01,139014.41232558253,Current,2025-03-11,ServicerSecondary
LN001501,2025-04-01,376847.8866609011,Current,2025-04-11,ServicerSecondary
LN001875,2025-03-01,99491.14814397198,Current,2025-03-11,ServicerSecondary
LN004600,2025-05-01,282682.85931629397,Current,2025-05-11,ServicerSecondary
LN002787,2025-01-01,294336.04259834776,Current,2025-01-11,ServicerSecondary
LN000424,2025-01-01,311177.81963800115,Current,2025-01-11,ServicerSecondary
LN004569,2025-05-01,173971.14716107596,Current,2025-05-11,ServicerSecondary
LN002923,2025-03-01,273193.48378050013,Current,2025-03-11,ServicerSecondary
LN004702,2025-01-01,451600.79315904714,30 DPD,2025-01-11,ServicerSecondary
LN001307,2025-04-01,306688.28711094655,30 DPD,2025-04-11,ServicerSecondary
LN003550,2025-05-01,391622.0779474764,Current,2025-05-11,ServicerSecondary
LN003808,2025-02-01,337009.498386106,Current,2025-02-11,ServicerSecondary
LN002550,2025-03-01,243656.07873195302,Current,2025-03-11,ServicerSecondary
LN001895,2025-04-01,240824.3461822972,Current,2025-04-11,ServicerSecondary
LN000052,2025-05-01,421470.50003289117,Current,2025-05-11,ServicerSecondary
LN001761,2025-03-01,295503.912396043,Current,2025-03-11,ServicerSecondary
LN002109,2025-03-01,234272.08389345897,Current,2025-03-11,ServicerSecondary
LN003919,2025-01-01,411447.7165683654,Current,2025-01-11,ServicerSecondary
LN003897,2025-05-01,239882.83000740843,Current,2025-05-11,ServicerSecondary
LN002668,2025-02-01,324670.7021146375,Current,2025-02-11,ServicerSecondary
LN003911,2025-01-01,246623.95623171728,Current,2025-01-11,ServicerSecondary
LN004894,2025-04-01,269932.4170309742,Current,2025-04-11,ServicerSecondary
LN004171,2025-01-01,238195.73025951744,Current,2025-01-11,ServicerSecondary
LN002664,2025-02-01,177122.37612010835,Current,2025-02-11,ServicerSecondary
LN003001,2025-04-01,276182.7093666935,Current,2025-04-11,ServicerSecondary
LN000301,2025-03-01,283148.6760204895,Current,2025-03-11,ServicerSecondary
LN003076,2025-06-01,171267.95717473532,Current,2025-06-11,ServicerSecondary
LN003898,2025-05-01,444462.90123435576,Current,2025-05-11,ServicerSecondary
LN001829,2025-06-01,227280.08713588558,Current,2025-06-11,ServicerSecondary
LN002493,2025-05-01,224998.06774358504,Current,2025-05-11,ServicerSecondary
LN000060,2025-01-01,486876.3777723265,Current,2025-01-11,ServicerSecondary
LN000850,2025-05-01,328374.05212321423,Current,2025-05-11,ServicerSecondary
LN004524,2025-02-01,53319.21065557794,Current,2025-02-11,ServicerSecondary
LN000980,2025-05-01,183219.18377282022,Current,2025-05-11,ServicerSecondary
LN000595,2025-02-01,329976.3325630058,Current,2025-02-11,ServicerSecondary
LN004125,2025-05-01,309162.1926953323,Current,2025-05-11,ServicerSecondary
LN004826,2025-06-01,306709.15449740004,Current,2025-06-11,ServicerSecondary
LN001862,2025-05-01,167811.18054152175,Current,2025-05-11,ServicerSecondary
LN000800,2025-02-01,258508.596963127,Current,2025-02-11,ServicerSecondary
LN002257,2025-02-01,180336.08503943874,Current,2025-02-11,ServicerSecondary
LN001332,2025-02-01,204654.54790183634,Current,2025-02-11,ServicerSecondary
LN000541,2025-01-01,380013.8894933965,Current,2025-01-11,ServicerSecondary
LN003736,2025-02-01,331158.9139583022,Current,2025-02-11,ServicerSecondary
LN004549,2025-06-01,320858.19759346417,Current,2025-06-11,ServicerSecondary
LN004090,2025-02-01,345178.5111462778,Current,2025-02-11,ServicerSecondary
LN002683,2025-06-01,403157.2527871771,Current,2025-06-11,ServicerSecondary
LN004421,2025-01-01,269897.124576771,Current,2025-01-11,ServicerSecondary
LN001895,2025-02-01,233169.15410422115,Current,2025-02-11,ServicerSecondary
LN003462,2025-04-01,231189.61698276442,Current,2025-04-11,ServicerSecondary
LN000435,2025-05-01,304806.3437291105,Current,2025-05-11,ServicerSecondary
LN004050,2025-02-01,151577.89961858664,Current,2025-02-11,ServicerSecondary
LN002953,2025-02-01,341301.0383986395,Current,2025-02-11,ServicerSecondary
LN001761,2025-02-01,284893.8916361196,Current,2025-02-11,ServicerSecondary
LN004171,2025-05-01,237389.693294668,Current,2025-05-11,ServicerSecondary
LN001991,2025-06-01,291544.3357462943,Current,2025-06-11,ServicerSecondary
LN000110,2025-05-01,237835.64355416072,Current,2025-05-11,ServicerSecondary
LN003431,2025-06-01,424775.8685272292,Current,2025-06-11,ServicerSecondary
LN002644,2025-04-01,312735.6717358806,Current,2025-04-11,ServicerSecondary
LN001152,2025-03-01,300781.3047646772,Current,2025-03-11,ServicerSecondary
LN003472,2025-05-01,321369.5567775348,Current,2025-05-11,ServicerSecondary
LN004732,2025-02-01,176264.9103026482,Current,2025-02-11,ServicerSecondary
LN002728,2025-01-01,303050.5322292029,Current,2025-01-11,ServicerSecondary
LN003782,2025-04-01,390368.6375437391,Current,2025-04-11,ServicerSecondary
LN004150,2025-04-01,187685.9814876382,Current,2025-04-11,ServicerSecondary
LN004098,2025-02-01,342797.6649889645,Current,2025-02-11,ServicerSecondary
LN002618,2025-01-01,249609.2356142099,Current,2025-01-11,ServicerSecondary
LN002936,2025-06-01,287429.676863535,Current,2025-06-11,ServicerSecondary
LN001864,2025-04-01,290842.5227270548,Current,2025-04-11,ServicerSecondary
LN001094,2025-02-01,311917.46162978484,Current,2025-02-11,ServicerSecondary
LN004045,2025-01-01,0.0,Default,2025-01-11,ServicerSecondary
LN000824,2025-04-01,316577.4247296227,Current,2025-04-11,ServicerSecondary
LN004661,2025-03-01,151970.7715188499,Current,2025-03-11,ServicerSecondary
LN002226,2025-06-01,182945.90987258166,Current,2025-06-11,ServicerSecondary
LN000804,2025-05-01,251159.61991613056,Current,2025-05-11,ServicerSecondary
LN002805,2025-04-01,427056.20835542784,Current,2025-04-11,ServicerSecondary
LN003967,2025-05-01,380429.06513313815,Current,2025-05-11,ServicerSecondary
LN003030,2025-04-01,447162.7436320605,Current,2025-04-11,ServicerSecondary
LN002931,2025-03-01,166720.5005571258,Current,2025-03-11,ServicerSecondary
LN000708,2025-05-01,230872.9987663319,Current,2025-05-11,ServicerSecondary
LN000307,2025-03-01,391470.6277964779,Current,2025-03-11,ServicerSecondary
LN002200,2025-06-01,311757.69294290966,Current,2025-06-11,ServicerSecondary
LN003408,2025-05-01,216812.44712972897,Current,2025-05-11,ServicerSecondary
LN000954,2025-05-01,329430.3965540656,Current,2025-05-11,ServicerSecondary
LN002347,2025-05-01,350148.71911874285,Current,2025-05-11,ServicerSecondary
LN001418,2025-05-01,197680.23673416267,Current,2025-05-11,ServicerSecondary
LN004883,2025-05-01,185010.53105315412,Current,2025-05-11,ServicerSecondary
LN001741,2025-01-01,339681.02547446627,30 DPD,2025-01-11,ServicerSecondary
LN002910,2025-05-01,158063.8267988451,Current,2025-05-11,ServicerSecondary
LN004707,2025-03-01,264399.550986354,Current,2025-03-11,ServicerSecondary
LN001914,2025-01-01,274329.084575232,Current,2025-01-11,ServicerSecondary
LN003642,2025-03-01,255679.15329935984,Current,2025-03-11,ServicerSecondary
LN000257,2025-04-01,255266.4805848714,Current,2025-04-11,ServicerSecondary
LN003803,2025-02-01,395071.6365971975,Current,2025-02-11,ServicerSecondary
LN004701,2025-06-01,340771.2724554416,Current,2025-06-11,ServicerSecondary
LN002654,2025-05-01,175494.13226274235,60 DPD,2025-05-11,ServicerSecondary
LN004292,2025-05-01,368870.9126155325,Current,2025-05-11,ServicerSecondary
LN000219,2025-04-01,107134.501665497,Current,2025-04-11,ServicerSecondary
LN002743,2025-01-01,268050.0130724744,Current,2025-01-11,ServicerSecondary
LN001913,2025-05-01,298944.7408630865,Current,2025-05-11,ServicerSecondary
LN004254,2025-05-01,347597.9723250339,Current,2025-05-11,ServicerSecondary
LN004515,2025-01-01,297312.05800965196,Current,2025-01-11,ServicerSecondary
LN000826,2025-04-01,575280.5121888993,Current,2025-04-11,ServicerSecondary
LN003846,2025-03-01,280190.56339342834,90+ DPD,2025-03-11,ServicerSecondary
LN003066,2025-03-01,102308.49417711326,Current,2025-03-11,ServicerSecondary
LN003464,2025-02-01,355993.95893668476,60 DPD,2025-02-11,ServicerSecondary
LN001748,2025-02-01,299662.5810847788,Current,2025-02-11,ServicerSecondary
LN003753,2025-03-01,370899.8757803034,Current,2025-03-11,ServicerSecondary
LN000229,2025-01-01,266486.75499770715,Current,2025-01-11,ServicerSecondary
LN002726,2025-01-01,220703.71789990668,Current,2025-01-11,ServicerSecondary
LN003264,2025-03-01,359611.94027462567,Current,2025-03-11,ServicerSecondary
LN001165,2025-01-01,365766.1901914455,Current,2025-01-11,ServicerSecondary
LN002232,2025-02-01,405086.6421890878,Current,2025-02-11,ServicerSecondary
LN000796,2025-06-01,221751.0512703542,Current,2025-06-11,ServicerSecondary
LN003718,2025-04-01,322514.99622488394,90+ DPD,2025-04-11,ServicerSecondary
LN001332,2025-03-01,171912.0595799903,Current,2025-03-11,ServicerSecondary
LN001300,2025-04-01,436956.26024813286,60 DPD,2025-04-11,ServicerSecondary
LN003409,2025-05-01,0.0,Prepaid,2025-05-11,ServicerSecondary
LN002525,2025-05-01,257329.66879150565,Current,2025-05-11,ServicerSecondary
LN001140,2025-03-01,256693.30593021913,Current,2025-03-11,ServicerSecondary
LN003361,2025-06-01,311751.58654808975,Current,2025-06-11,ServicerSecondary
LN004728,2025-05-01,131905.6284595189,Current,2025-05-11,ServicerSecondary
LN000716,2025-01-01,480792.55010717484,Current,2025-01-11,ServicerSecondary
LN004997,2025-03-01,182919.7259408268,Current,2025-03-11,ServicerSecondary
LN003948,2025-04-01,325260.52487484086,Current,2025-04-11,ServicerSecondary
LN002355,2025-01-01,183340.36363827987,Current,2025-01-11,ServicerSecondary
LN001001,2025-02-01,195018.39278520367,30 DPD,2025-02-11,ServicerSecondary
LN003162,2025-01-01,227345.9362698386,Current,2025-01-11,ServicerSecondary
LN004057,2025-01-01,131905.18731115884,Current,2025-01-11,ServicerSecondary
LN004875,2025-05-01,390273.7361997819,Current,2025-05-11,ServicerSecondary
LN001851,2025-01-01,312108.9447286802,Current,2025-01-11,ServicerSecondary
LN000655,2025-03-01,264362.3779033634,30 DPD,2025-03-11,ServicerSecondary
LN000146,2025-02-01,323966.56333083165,Current,2025-02-11,ServicerSecondary
LN001669,2025-06-01,168839.22412142347,Current,2025-06-11,ServicerSecondary
LN003090,2025-06-01,231005.0277397983,Current,2025-06-11,ServicerSecondary
LN001101,2025-01-01,0.0,Prepaid,2025-01-11,ServicerSecondary
LN002438,2025-03-01,0.0,Prepaid,2025-03-11,ServicerSecondary
LN000976,2025-02-01,327023.94959186297,Current,2025-02-11,ServicerSecondary
LN003845,2025-01-01,336732.4975999798,Current,2025-01-11,ServicerSecondary
LN004170,2025-05-01,376118.02285778534,60 DPD,2025-05-11,ServicerSecondary
LN001190,2025-01-01,291245.84487008705,Current,2025-01-11,ServicerSecondary
LN004436,2025-05-01,412795.4303157929,Current,2025-05-11,ServicerSecondary
LN002074,2025-05-01,199255.48865867566,Current,2025-05-11,ServicerSecondary
LN004550,2025-03-01,275373.87141764705,Current,2025-03-11,ServicerSecondary
LN004986,2025-06-01,0.0,Prepaid,2025-06-11,ServicerSecondary
LN003832,2025-04-01,379328.42474818503,Current,2025-04-11,ServicerSecondary
LN004762,2025-02-01,377359.8973436868,Current,2025-02-11,ServicerSecondary
LN000648,2025-03-01,425490.4250645192,Current,2025-03-11,ServicerSecondary
LN004490,2025-04-01,179935.95878078643,Current,2025-04-11,ServicerSecondary
LN000788,2025-06-01,141506.71188943132,30 DPD,2025-06-11,ServicerSecondary
LN002000,2025-02-01,418916.34351845115,Current,2025-02-11,ServicerSecondary
LN004821,2025-06-01,511428.1699133971,Current,2025-06-11,ServicerSecondary
LN002014,2025-01-01,244703.27263360153,Current,2025-01-11,ServicerSecondary
LN000962,2025-05-01,310949.5661734337,Current,2025-05-11,ServicerSecondary
LN001017,2025-02-01,291897.7182826309,Current,2025-02-11,ServicerSecondary
LN000871,2025-03-01,262066.28824597358,Current,2025-03-11,ServicerSecondary
LN001523,2025-05-01,343418.7408211652,Current,2025-05-11,ServicerSecondary
LN001920,2025-01-01,448978.7997699693,Current,2025-01-11,ServicerSecondary
LN004663,2025-04-01,318144.8958447768,Current,2025-04-11,ServicerSecondary
LN000404,2025-01-01,320719.7467186083,60 DPD,2025-01-11,ServicerSecondary
LN002845,2025-04-01,127560.02217658445,Current,2025-04-11,ServicerSecondary
LN003347,2025-02-01,220842.1602344142,Current,2025-02-11,ServicerSecondary
LN004809,2025-05-01,289494.3495435115,Current,2025-05-11,ServicerSecondary
LN002290,2025-02-01,355105.74935443525,Current,2025-02-11,ServicerSecondary
LN003972,2025-01-01,216836.69114439702,Current,2025-01-11,ServicerSecondary
LN001925,2025-02-01,226273.30960245646,Current,2025-02-11,ServicerSecondary
LN001244,2025-05-01,280403.17545908527,Current,2025-05-11,ServicerSecondary
LN002057,2025-01-01,244578.05971396415,Current,2025-01-11,ServicerSecondary
LN004033,2025-02-01,276446.65250907105,Current,2025-02-11,ServicerSecondary
LN001864,2025-01-01,294179.59898343275,Current,2025-01-11,ServicerSecondary
LN004170,2025-06-01,369520.11984893895,30 DPD,2025-06-11,ServicerSecondary
LN000782,2025-02-01,337149.6796550608,Current,2025-02-11,ServicerSecondary
LN002013,2025-06-01,355805.7718213709,Current,2025-06-11,ServicerSecondary
LN001912,2025-01-01,169224.89859299184,Current,2025-01-11,ServicerSecondary
LN004053,2025-05-01,382168.05770706356,Current,2025-05-11,ServicerSecondary
LN003405,2025-02-01,266750.9852455199,Current,2025-02-11,ServicerSecondary
LN003832,2025-06-01,368372.2500351107,Current,2025-06-11,ServicerSecondary
LN001637,2025-03-01,105525.91190223214,Current,2025-03-11,ServicerSecondary
LN001208,2025-03-01,369515.59390263504,Current,2025-03-11,ServicerSecondary
LN002033,2025-04-01,365411.8718081086,Current,2025-04-11,ServicerSecondary
LN000689,2025-05-01,246996.63781574165,Current,2025-05-11,ServicerSecondary
LN002645,2025-04-01,434528.6761124881,Current,2025-04-11,ServicerSecondary
LN002731,2025-02-01,267731.34074897924,Current,2025-02-11,ServicerSecondary
LN003185,2025-03-01,104040.96394806329,Current,2025-03-11,ServicerSecondary
LN000323,2025-06-01,140940.05823985089,Current,2025-06-11,ServicerSecondary
LN003687,2025-01-01,295989.3041555594,Current,2025-01-11,ServicerSecondary
LN000635,2025-01-01,218115.88089854096,Current,2025-01-11,ServicerSecondary
LN004282,2025-01-01,314884.5653957555,Current,2025-01-11,ServicerSecondary
LN000981,2025-04-01,245733.21326371157,Current,2025-04-11,ServicerSecondary
LN000423,2025-05-01,384638.77698783035,60 DPD,2025-05-11,ServicerSecondary
LN000455,2025-04-01,422982.96908592305,Current,2025-04-11,ServicerSecondary
LN000571,2025-05-01,126045.82436178678,Current,2025-05-11,ServicerSecondary
LN002202,2025-04-01,445269.74549594003,Current,2025-04-11,ServicerSecondary
LN001187,2025-05-01,232668.0602372853,30 DPD,2025-05-11,ServicerSecondary
LN002954,2025-04-01,283456.902911792,Current,2025-04-11,ServicerSecondary
LN002873,2025-06-01,264954.38615756016,Current,2025-06-11,ServicerSecondary
LN002566,2025-03-01,142538.7813101977,Current,2025-03-11,ServicerSecondary
LN000807,2025-06-01,218869.74924961248,Current,2025-06-11,ServicerSecondary
LN002453,2025-05-01,225262.05468782558,Current,2025-05-11,ServicerSecondary
LN004095,2025-05-01,168905.5491005951,Current,2025-05-11,ServicerSecondary
LN000560,2025-01-01,433838.45397377317,Current,2025-01-11,ServicerSecondary
LN002899,2025-02-01,418686.59497056564,Current,2025-02-11,ServicerSecondary
LN004383,2025-01-01,172465.41727137833,Current,2025-01-11,ServicerSecondary
LN000094,2025-02-01,413203.61723945825,Current,2025-02-11,ServicerSecondary
LN000745,2025-02-01,285930.1272021536,Current,2025-02-11,ServicerSecondary
LN003309,2025-01-01,396886.821967818,Current,2025-01-11,ServicerSecondary
LN004193,2025-01-01,364589.21537672903,Current,2025-01-11,ServicerSecondary
LN004083,2025-03-01,278002.7718494732,Current,2025-03-11,ServicerSecondary
LN002680,2025-01-01,366779.0869224695,Current,2025-01-11,ServicerSecondary
LN001094,2025-04-01,314926.4137375627,Current,2025-04-11,ServicerSecondary
LN000151,2025-01-01,212237.73901294108,Current,2025-01-11,ServicerSecondary
LN000093,2025-05-01,364863.7473743841,Current,2025-05-11,ServicerSecondary
LN004369,2025-05-01,328778.5540329042,Current,2025-05-11,ServicerSecondary
LN000170,2025-04-01,305314.92055439536,Current,2025-04-11,ServicerSecondary
LN002367,2025-04-01,162895.5456764988,Current,2025-04-11,ServicerSecondary
LN000035,2025-03-01,387283.8291939363,60 DPD,2025-03-11,ServicerSecondary
LN002174,2025-02-01,175687.49410820534,Current,2025-02-11,ServicerSecondary
LN002121,2025-03-01,228852.771794393,Current,2025-03-11,ServicerSecondary
LN003067,2025-02-01,254021.01297053375,Current,2025-02-11,ServicerSecondary
LN000625,2025-05-01,272026.3296760902,Current,2025-05-11,ServicerSecondary
LN003723,2025-01-01,335749.0267755717,Current,2025-01-11,ServicerSecondary
LN001137,2025-01-01,271045.5634030214,Current,2025-01-11,ServicerSecondary
LN002840,2025-06-01,294839.8011622381,Current,2025-06-11,ServicerSecondary
LN002705,2025-06-01,278903.5703880967,Current,2025-06-11,ServicerSecondary
LN003432,2025-05-01,294814.1141841617,Current,2025-05-11,ServicerSecondary
LN000093,2025-01-01,376299.3225111316,Current,2025-01-11,ServicerSecondary
LN002265,2025-04-01,310697.57443762553,Current,2025-04-11,ServicerSecondary
LN003456,2025-02-01,365732.8245292168,Current,2025-02-11,ServicerSecondary
LN002765,2025-04-01,238570.98832497434,30 DPD,2025-04-11,ServicerSecondary
LN002922,2025-06-01,290413.5340236266,Current,2025-06-11,ServicerSecondary
LN001526,2025-05-01,330457.8875241245,Current,2025-05-11,ServicerSecondary
LN004731,2025-03-01,380821.8376438189,Current,2025-03-11,ServicerSecondary
LN000782,2025-03-01,329818.11237101257,Current,2025-03-11,ServicerSecondary
LN000371,2025-03-01,314886.93084596016,Current,2025-03-11,ServicerSecondary
LN002582,2025-05-01,501990.78358632006,Current,2025-05-11,ServicerSecondary
LN001582,2025-02-01,250501.7955082654,Current,2025-02-11,ServicerSecondary
LN002392,2025-03-01,337516.47760983685,Current,2025-03-11,ServicerSecondary
LN002657,2025-05-01,189868.11025091945,Current,2025-05-11,ServicerSecondary
LN002684,2025-03-01,366976.02660668176,Current,2025-03-11,ServicerSecondary
LN003485,2025-04-01,325926.63139819546,Current,2025-04-11,ServicerSecondary
LN001638,2025-05-01,183168.38555852207,Current,2025-05-11,ServicerSecondary
LN001621,2025-04-01,239296.40044072963,Current,2025-04-11,ServicerSecondary
LN001588,2025-04-01,365260.36550396384,Current,2025-04-11,ServicerSecondary
LN002973,2025-01-01,169398.60235218477,Current,2025-01-11,ServicerSecondary
LN001287,2025-06-01,256647.05564269223,90+ DPD,2025-06-11,ServicerSecondary
LN003440,2025-06-01,332011.2762658238,Current,2025-06-11,ServicerSecondary
LN004555,2025-03-01,47586.98811496928,Current,2025-03-11,ServicerSecondary
LN003036,2025-04-01,284307.1911120448,Current,2025-04-11,ServicerSecondary
LN001494,2025-02-01,0.0,Prepaid,2025-02-11,ServicerSecondary
LN004704,2025-04-01,0.0,Prepaid,2025-04-11,ServicerSecondary
LN002343,2025-05-01,283689.6880602482,Current,2025-05-11,ServicerSecondary
LN004783,2025-01-01,101626.10604791602,Current,2025-01-11,ServicerSecondary
LN000639,2025-06-01,453762.09488365304,Current,2025-06-11,ServicerSecondary
LN000625,2025-01-01,303778.9610815156,Current,2025-01-11,ServicerSecondary
LN000111,2025-05-01,384594.7460215443,Current,2025-05-11,ServicerSecondary
LN001729,2025-06-01,453312.6195985346,Current,2025-06-11,ServicerSecondary
LN003241,2025-01-01,278461.9252930413,Current,2025-01-11,ServicerSecondary
LN004051,2025-02-01,255467.17049997416,Current,2025-02-11,ServicerSecondary
LN002728,2025-04-01,360738.2298380242,Current,2025-04-11,ServicerSecondary
LN000648,2025-02-01,421433.0614421696,Current,2025-02-11,ServicerSecondary
LN002506,2025-01-01,299690.15535022254,Current,2025-01-11,ServicerSecondary
LN004178,2025-05-01,158896.317135367,Current,2025-05-11,ServicerSecondary
LN003496,2025-03-01,254691.3538600225,Current,2025-03-11,ServicerSecondary
LN003440,2025-04-01,348901.3276357846,Current,2025-04-11,ServicerSecondary
LN004986,2025-05-01,175725.8494646121,Current,2025-05-11,ServicerSecondary
LN004172,2025-03-01,428483.3811390932,Current,2025-03-11,ServicerSecondary
LN003803,2025-01-01,350630.1355139538,Current,2025-01-11,ServicerSecondary
LN003763,2025-06-01,45289.023114750176,Current,2025-06-11,ServicerSecondary
LN001609,2025-01-01,277236.87925908307,Current,2025-01-11,ServicerSecondary
LN002773,2025-03-01,346009.77125006384,Current,2025-03-11,ServicerSecondary
LN001246,2025-03-01,242660.48914781728,Current,2025-03-11,ServicerSecondary
LN000790,2025-04-01,328289.2817501204,Current,2025-04-11,ServicerSecondary
LN001912,2025-02-01,193119.2471128605,Current,2025-02-11,ServicerSecondary
LN002392,2025-02-01,312103.8965511111,Current,2025-02-11,ServicerSecondary
LN003546,2025-03-01,137806.11251820342,Current,2025-03-11,ServicerSecondary
LN000777,2025-04-01,375996.5167708152,Current,2025-04-11,ServicerSecondary
LN002224,2025-05-01,269987.80166243855,Current,2025-05-11,ServicerSecondary
LN004469,2025-01-01,0.0,Prepaid,2025-01-11,ServicerSecondary
LN003453,2025-01-01,172811.63338591807,Current,2025-01-11,ServicerSecondary
LN000324,2025-01-01,304425.1731116391,Current,2025-01-11,ServicerSecondary
LN003768,2025-02-01,302299.9168965346,Current,2025-02-11,ServicerSecondary
LN000882,2025-05-01,265228.3051308149,Current,2025-05-11,ServicerSecondary
LN002890,2025-04-01,305649.0620537954,Current,2025-04-11,ServicerSecondary
LN000911,2025-01-01,292543.87519460754,Current,2025-01-11,ServicerSecondary
LN004623,2025-03-01,393259.15335966734,Current,2025-03-11,ServicerSecondary
LN002675,2025-05-01,417103.40701260936,Current,2025-05-11,ServicerSecondary
LN003579,2025-02-01,237466.92558476506,Current,2025-02-11,ServicerSecondary
LN004005,2025-04-01,226859.76557733747,Current,2025-04-11,ServicerSecondary
LN003974,2025-05-01,521266.37254369055,Current,2025-05-11,ServicerSecondary
LN000724,2025-03-01,358589.97015592636,Current,2025-03-11,ServicerSecondary
LN001103,2025-02-01,299566.82747991185,Current,2025-02-11,ServicerSecondary
LN001679,2025-05-01,307079.0904955357,Current,2025-05-11,ServicerSecondary
LN004304,2025-04-01,309544.9813716976,Current,2025-04-11,ServicerSecondary
LN004092,2025-03-01,297903.5810987632,Current,2025-03-11,ServicerSecondary
LN002992,2025-06-01,0.0,Prepaid,2025-06-11,ServicerSecondary
LN001731,2025-06-01,238601.89145961273,30 DPD,2025-06-11,ServicerSecondary
LN001893,2025-02-01,197316.66558445635,Current,2025-02-11,ServicerSecondary
LN004902,2025-05-01,374238.89026359614,Current,2025-05-11,ServicerSecondary
LN004820,2025-02-01,262519.2466225482,Current,2025-02-11,ServicerSecondary
LN004693,2025-05-01,252334.4663723077,30 DPD,2025-05-11,ServicerSecondary
LN003892,2025-02-01,364082.9291655211,Current,2025-02-11,ServicerSecondary
LN003502,2025-03-01,273528.15235230874,Current,2025-03-11,ServicerSecondary
LN001828,2025-04-01,376471.5904952505,Current,2025-04-11,ServicerSecondary
LN003480,2025-03-01,251394.8712620654,Current,2025-03-11,ServicerSecondary
LN003059,2025-04-01,391166.29034025123,Current,2025-04-11,ServicerSecondary
LN002305,2025-04-01,272554.57494401094,Current,2025-04-11,ServicerSecondary
LN004303,2025-04-01,309946.3264343008,Current,2025-04-11,ServicerSecondary
LN001265,2025-05-01,259954.60275249087,Current,2025-05-11,ServicerSecondary
LN002470,2025-05-01,334450.4671523757,Current,2025-05-11,ServicerSecondary
LN003002,2025-02-01,363370.40718164813,Current,2025-02-11,ServicerSecondary
LN002787,2025-02-01,295228.2036486542,Current,2025-02-11,ServicerSecondary
LN000804,2025-02-01,219623.72203604414,Current,2025-02-11,ServicerSecondary
LN000097,2025-01-01,0.0,Prepaid,2025-01-11,ServicerSecondary
LN004096,2025-01-01,325603.10435864126,Current,2025-01-11,ServicerSecondary
LN002547,2025-02-01,359196.86641468003,Current,2025-02-11,ServicerSecondary
LN004711,2025-05-01,297490.9388818208,Current,2025-05-11,ServicerSecondary
LN003429,2025-03-01,64108.09158125162,Current,2025-03-11,ServicerSecondary
LN002796,2025-06-01,204239.9653639459,Current,2025-06-11,ServicerSecondary
LN004882,2025-04-01,129047.44593827172,Current,2025-04-11,ServicerSecondary
LN001986,2025-03-01,410577.1556687057,Current,2025-03-11,ServicerSecondary
LN003908,2025-01-01,327164.53649163834,Current,2025-01-11,ServicerSecondary
LN002639,2025-01-01,411288.67279906356,Current,2025-01-11,ServicerSecondary
LN001515,2025-02-01,0.0,Prepaid,2025-02-11,ServicerSecondary
LN004233,2025-06-01,334166.25176674005,Current,2025-06-11,ServicerSecondary
LN002905,2025-01-01,251622.6564877495,Current,2025-01-11,ServicerSecondary
LN000404,2025-04-01,373180.8832650628,Current,2025-04-11,ServicerSecondary
LN000419,2025-03-01,169960.38677220658,Current,2025-03-11,ServicerSecondary
LN003543,2025-05-01,80013.71097921206,Current,2025-05-11,ServicerSecondary
LN000667,2025-04-01,245226.37430521648,Current,2025-04-11,ServicerSecondary
LN002554,2025-04-01,203953.65036427954,Current,2025-04-11,ServicerSecondary
LN000562,2025-03-01,186357.78143198317,Current,2025-03-11,ServicerSecondary
LN004684,2025-05-01,92975.2082788461,Current,2025-05-11,ServicerSecondary
LN002159,2025-01-01,334288.8963067634,Current,2025-01-11,ServicerSecondary
LN004012,2025-03-01,210854.89234568013,Current,2025-03-11,ServicerSecondary
LN003558,2025-02-01,396082.97016155964,Current,2025-02-11,ServicerSecondary
LN003630,2025-03-01,272084.3027055523,Current,2025-03-11,ServicerSecondary
LN002587,2025-01-01,277125.40171652165,Current,2025-01-11,ServicerSecondary
LN001567,2025-04-01,369332.9340245613,Current,2025-04-11,ServicerSecondary
LN002095,2025-04-01,391996.5798470638,Current,2025-04-11,ServicerSecondary
LN002935,2025-01-01,164542.10814475687,60 DPD,2025-01-11,ServicerSecondary
LN001003,2025-01-01,211094.2750336772,Current,2025-01-11,ServicerSecondary
LN000828,2025-04-01,170750.46727196238,Current,2025-04-11,ServicerSecondary
LN003744,2025-04-01,197180.77413802352,Current,2025-04-11,ServicerSecondary
LN003305,2025-05-01,388683.5532974297,Current,2025-05-11,ServicerSecondary
LN002449,2025-06-01,405193.26144145336,Current,2025-06-11,ServicerSecondary
LN001277,2025-06-01,186346.4039116384,Current,2025-06-11,ServicerSecondary
LN001899,2025-02-01,179963.3361652208,Current,2025-02-11,ServicerSecondary
LN003034,2025-04-01,355247.08201551705,60 DPD,2025-04-11,ServicerSecondary
LN000545,2025-03-01,130885.39601329308,Current,2025-03-11,ServicerSecondary
LN001617,2025-03-01,301376.04402560584,Current,2025-03-11,ServicerSecondary
LN004445,2025-01-01,181010.7196090329,Current,2025-01-11,ServicerSecondary
LN000783,2025-06-01,280615.7655530451,Current,2025-06-11,ServicerSecondary
LN002529,2025-04-01,288409.55477921147,Current,2025-04-11,ServicerSecondary
LN000708,2025-04-01,267753.91862757626,Current,2025-04-11,ServicerSecondary
LN004165,2025-04-01,404519.19427190156,Current,2025-04-11,ServicerSecondary
LN003976,2025-03-01,380710.3598671242,Current,2025-03-11,ServicerSecondary
LN003193,2025-01-01,400846.7962450524,Current,2025-01-11,ServicerSecondary
LN001342,2025-01-01,212729.27218425856,Current,2025-01-11,ServicerSecondary
LN003280,2025-04-01,324755.9079751933,Current,2025-04-11,ServicerSecondary
LN002449,2025-01-01,371462.4861877587,Current,2025-01-11,ServicerSecondary
LN002599,2025-01-01,287378.33183781395,Current,2025-01-11,ServicerSecondary
LN000960,2025-04-01,362668.6898880935,Current,2025-04-11,ServicerSecondary
LN001671,2025-04-01,187306.50728672254,Current,2025-04-11,ServicerSecondary
LN003410,2025-06-01,307083.3908197114,90+ DPD,2025-06-11,ServicerSecondary
LN000400,2025-06-01,362244.6473234389,Current,2025-06-11,ServicerSecondary
LN000333,2025-05-01,194336.6196750446,Current,2025-05-11,ServicerSecondary
LN001723,2025-03-01,160648.0649840829,Current,2025-03-11,ServicerSecondary
LN003419,2025-04-01,241848.01910099862,Current,2025-04-11,ServicerSecondary
LN003736,2025-05-01,353803.8221036273,Current,2025-05-11,ServicerSecondary
LN002713,2025-01-01,399117.29268150334,Current,2025-01-11,ServicerSecondary
LN000908,2025-05-01,183426.54996696507,Current,2025-05-11,ServicerSecondary
LN001244,2025-06-01,267222.1033632174,Current,2025-06-11,ServicerSecondary
LN000273,2025-02-01,377945.146909284,Current,2025-02-11,ServicerSecondary
LN004863,2025-01-01,199226.70945864325,60 DPD,2025-01-11,ServicerSecondary
LN002191,2025-05-01,225926.04586776588,Current,2025-05-11,ServicerSecondary
LN001969,2025-03-01,270207.1808480952,Current,2025-03-11,ServicerSecondary
LN002645,2025-06-01,405353.6675258965,Current,2025-06-11,ServicerSecondary
LN004115,2025-01-01,0.0,Prepaid,2025-01-11,ServicerSecondary
LN002992,2025-02-01,394704.00491158076,Current,2025-02-11,ServicerSecondary
LN004834,2025-01-01,280689.2953827248,Current,2025-01-11,ServicerSecondary
LN002985,2025-05-01,182728.54692028428,Current,2025-05-11,ServicerSecondary
LN004029,2025-03-01,391736.9504040431,Current,2025-03-11,ServicerSecondary
LN000219,2025-05-01,111509.57956573804,Current,2025-05-11,ServicerSecondary
LN002404,2025-04-01,371033.5995655665,Current,2025-04-11,ServicerSecondary
LN000484,2025-05-01,397494.2786312414,Current,2025-05-11,ServicerSecondary
LN004406,2025-01-01,238667.34349628186,Current,2025-01-11,ServicerSecondary
LN000335,2025-01-01,366062.07933844073,Current,2025-01-11,ServicerSecondary
LN001296,2025-01-01,314234.9814277843,Current,2025-01-11,ServicerSecondary
LN004458,2025-02-01,197153.5739328314,Current,2025-02-11,ServicerSecondary
LN001129,2025-06-01,116162.01823961682,Current,2025-06-11,ServicerSecondary
LN000484,2025-06-01,436850.0402579112,Current,2025-06-11,ServicerSecondary
LN004964,2025-01-01,271970.23386458185,Current,2025-01-11,ServicerSecondary
LN001707,2025-04-01,202233.266911389,Current,2025-04-11,ServicerSecondary
LN004848,2025-04-01,210258.77782666753,Current,2025-04-11,ServicerSecondary
LN002119,2025-05-01,0.0,Prepaid,2025-05-11,ServicerSecondary
LN001429,2025-05-01,316310.6247899168,Current,2025-05-11,ServicerSecondary
LN004685,2025-03-01,203251.56574708232,Current,2025-03-11,ServicerSecondary
LN002502,2025-06-01,231938.2826192625,Current,2025-06-11,ServicerSecondary
LN002480,2025-03-01,213885.54624151072,Current,2025-03-11,ServicerSecondary
LN002091,2025-05-01,354264.9365239435,Current,2025-05-11,ServicerSecondary
LN004059,2025-03-01,223965.37252394046,Current,2025-03-11,ServicerSecondary
LN001469,2025-04-01,99773.25858650976,Current,2025-04-11,ServicerSecondary
LN002813,2025-02-01,298704.18913264706,Current,2025-02-11,ServicerSecondary
LN001986,2025-02-01,367483.5686533446,Current,2025-02-11,ServicerSecondary
LN000059,2025-06-01,149801.33722551863,Current,2025-06-11,ServicerSecondary
LN004871,2025-05-01,159226.7637650934,Current,2025-05-11,ServicerSecondary
LN001277,2025-05-01,191725.2024468459,Current,2025-05-11,ServicerSecondary
LN001617,2025-06-01,312347.37926091556,Current,2025-06-11,ServicerSecondary
LN001588,2025-03-01,351636.16358318244,Current,2025-03-11,ServicerSecondary
LN002054,2025-03-01,110266.88568153049,Current,2025-03-11,ServicerSecondary
LN003745,2025-06-01,240820.9128845664,Current,2025-06-11,ServicerSecondary
LN004802,2025-01-01,413576.6730746634,Current,2025-01-11,ServicerSecondary
LN000131,2025-02-01,308994.8515268531,Current,2025-02-11,ServicerSecondary
LN001138,2025-06-01,318599.7134261621,90+ DPD,2025-06-11,ServicerSecondary
LN000268,2025-01-01,0.0,Prepaid,2025-01-11,ServicerSecondary
LN000991,2025-02-01,260657.93165013945,Current,2025-02-11,ServicerSecondary
LN004048,2025-01-01,386010.8364507194,Current,2025-01-11,ServicerSecondary
LN003266,2025-04-01,309775.231339246,Current,2025-04-11,ServicerSecondary
LN004503,2025-02-01,385805.9314625773,Current,2025-02-11,ServicerSecondary
LN001997,2025-01-01,394046.26073004486,Current,2025-01-11,ServicerSecondary
LN000627,2025-04-01,439912.27953717427,Current,2025-04-11,ServicerSecondary
LN002208,2025-02-01,100130.60307614694,Current,2025-02-11,ServicerSecondary
LN001028,2025-04-01,221051.37359439535,Current,2025-04-11,ServicerSecondary
LN001215,2025-01-01,268376.61102910346,Current,2025-01-11,ServicerSecondary
LN004096,2025-03-01,325062.66004019225,Current,2025-03-11,ServicerSecondary
LN001952,2025-04-01,341868.6602320685,Current,2025-04-11,ServicerSecondary
LN003976,2025-02-01,432005.5850305362,Current,2025-02-11,ServicerSecondary
LN000274,2025-03-01,279856.5341644424,Current,2025-03-11,ServicerSecondary
LN003461,2025-02-01,350826.110605769,Current,2025-02-11,ServicerSecondary
LN000017,2025-03-01,120118.10055728546,Current,2025-03-11,ServicerSecondary
LN000227,2025-01-01,316915.1903046196,Current,2025-01-11,ServicerSecondary
LN001316,2025-05-01,0.0,Prepaid,2025-05-11,ServicerSecondary
LN000116,2025-02-01,256078.29017418987,60 DPD,2025-02-11,ServicerSecondary
LN001903,2025-03-01,163370.87994334,Current,2025-03-11,ServicerSecondary
LN002685,2025-01-01,142066.59668890224,Current,2025-01-11,ServicerSecondary
LN002824,2025-01-01,346553.72826755955,Current,2025-01-11,ServicerSecondary
LN000272,2025-03-01,388336.342340228,Current,2025-03-11,ServicerSecondary
LN003440,2025-02-01,348968.43370977946,Current,2025-02-11,ServicerSecondary
LN001237,2025-02-01,431187.7289446916,Current,2025-02-11,ServicerSecondary
LN004054,2025-02-01,405918.8337458771,Current,2025-02-11,ServicerSecondary
LN001245,2025-02-01,324504.9820223574,90+ DPD,2025-02-11,ServicerSecondary
LN000617,2025-01-01,326452.58058299555,Current,2025-01-11,ServicerSecondary
LN001577,2025-01-01,294726.2224125122,Current,2025-01-11,ServicerSecondary
